__run_id,__done,alg,impl,dataset,actual_size,n_features,cpu_energy,cpu_util,gpu_energy,gpu_util,gpu_power_avg,runtime,memory,accuracy,mse,cpu_temp_before,gpu_temp_before,cpu_temp_after,gpu_temp_after
run_0_repetition_0,DONE,LR,skl_cpu,iris,100,4,18.68603516,31.89127708,,,,2.099057198,14753169408,1,0,40,42,84,42
run_1_repetition_0,DONE,LR,skl_cpu,wine,130,13,18.74926758,32.09481192,,,,2.088058949,14515105792,1,0,38,40,40,41
run_2_repetition_0,DONE,LR,skl_cpu,breast_cancer,569,30,18.81689453,32.12001042,,,,2.08620739,14505639936,0.973684,0,39,40,39,40
run_3_repetition_0,DONE,LR,skl_cpu,digits,360,64,18.71325684,32.70569478,,,,2.092780828,14489866240,1,0,39,40,39,40
run_4_repetition_0,DONE,LR,intelex_cpu,iris,100,4,21.73272705,28.10290339,,,,2.092662334,14503424000,1,0,39,39,39,40
run_5_repetition_0,DONE,LR,intelex_cpu,wine,130,13,21.75854492,29.33455934,,,,2.089181185,14497943552,1,0,39,39,39,40
run_6_repetition_0,DONE,LR,intelex_cpu,breast_cancer,569,30,25.88494873,31.6304621,,,,2.093066454,14661345280,0.973684,0,40,41,41,41
run_7_repetition_0,DONE,LR,intelex_cpu,digits,360,64,22.03491211,28.80827285,,,,2.095623493,14586232832,1,0,39,40,39,40
run_8_repetition_0,DONE,LR,trh_gpu,iris,100,4,55.40032959,17.30476956,3.438800915,5.34712,3.503333333,7.217731237,14881263616,1,0,39,39,40,41
run_9_repetition_0,DONE,LR,trh_gpu,wine,130,13,53.12042236,17.71656653,3.561596284,6.23895,3.54,7.183105469,14886203392,0.961538,0,39,40,40,41
run_10_repetition_0,DONE,LR,trh_gpu,breast_cancer,569,30,61.69274902,24.02939648,5.116802379,10.48267,5.26,7.153787613,14887358464,0.964912,0,48,41,41,42
run_11_repetition_0,DONE,LR,trh_gpu,digits,360,64,55.4697876,16.66727999,3.851162448,8.15644,3.603333333,7.212123871,14887661568,1,0,41,41,42,43
run_12_repetition_0,DONE,RR,skl_cpu,iris,100,4,16.74975586,25.11881196,,7.29108,,2.090438604,14351466496,0,0.0118,42,41,39,41
run_13_repetition_0,DONE,RR,skl_cpu,wine,130,13,16.81512451,25.17416923,,8.46352,,2.093057871,14364065792,0,0.0472,40,40,40,41
run_14_repetition_0,DONE,RR,skl_cpu,breast_cancer,569,30,17.1505127,25.20648148,,12.18493,,2.091545343,14362189824,0,0.0621,39,40,39,40
run_15_repetition_0,DONE,RR,skl_cpu,digits,360,64,16.39892578,23.84861002,,10.03721,,2.117912769,14363754496,0,0.0096,39,40,40,40
run_16_repetition_0,DONE,RR,intelex_cpu,iris,100,4,19.91741943,23.36963849,,5.21284,,2.072766304,14351646720,0,0.0118,39,40,40,40
run_17_repetition_0,DONE,RR,intelex_cpu,wine,130,13,23.73327637,31.55570515,,6.17439,,2.077714205,14419464192,0,0.0472,41,40,40,41
run_18_repetition_0,DONE,RR,intelex_cpu,breast_cancer,569,30,22.04736328,27.36228515,,9.85627,,2.071047544,14605709312,0,0.0621,41,41,42,42
run_19_repetition_0,DONE,RR,intelex_cpu,digits,360,64,22.62969971,29.29018344,,8.04916,,2.076392889,14929846272,0,0.0096,59,44,45,45
run_20_repetition_0,DONE,RR,xgb_gpu,iris,100,4,25.47784424,23.19045807,4.832037826,8.31874,5.22,7.189097643,14645383168,0,0.0004,41,42,40,43
run_21_repetition_0,DONE,RR,xgb_gpu,wine,130,13,29.99890137,32.80825778,4.901691145,9.06782,5.133333333,7.147895575,14652661760,0,0.0085,41,42,41,42
run_22_repetition_0,DONE,RR,xgb_gpu,breast_cancer,569,30,29.72741699,22.91221687,3.793706151,7.48211,3.593333333,7.207204103,14622609408,0,0.0393,40,41,41,41
run_23_repetition_0,DONE,RR,xgb_gpu,digits,360,64,26.04748535,23.83471825,3.980830359,11.29458,4.143333333,7.193321705,14632935424,0,0.0058,55,41,41,41
run_24_repetition_0,DONE,RR,trh_gpu,iris,100,4,57.03564453,18.29202411,4.739118112,8.29108,4.553333333,7.153989077,14932361216,0,0.0119,40,40,41,42
run_25_repetition_0,DONE,RR,trh_gpu,wine,130,13,57.18737793,18.01546276,3.950584639,9.46352,4.233333333,7.198229313,14878949376,0,0.0478,39,41,41,42
run_26_repetition_0,DONE,RR,trh_gpu,breast_cancer,569,30,57.04382324,18.03460522,4.089022853,12.18493,3.836666667,7.189220428,14890942464,0,0.057,40,41,41,42
run_27_repetition_0,DONE,RR,trh_gpu,digits,360,64,57.48028564,17.99589554,4.375298523,10.03721,4.69,7.162756443,14900109312,0,0.0095,40,41,41,42
run_28_repetition_0,DONE,DT,skl_cpu,iris,100,4,17.42749023,25.83703979,,,,2.092107058,14286245888,1,0,40,40,41,41
run_29_repetition_0,DONE,DT,skl_cpu,wine,130,13,16.98468018,25.93176428,,,,2.100486994,14298615808,0.923077,0,40,40,40,41
run_30_repetition_0,DONE,DT,skl_cpu,breast_cancer,569,30,16.76928711,25.56304709,,,,2.110597849,14298550272,0.912281,0,39,40,40,41
run_31_repetition_0,DONE,DT,skl_cpu,digits,360,64,16.75982666,25.49434152,,,,2.087913752,14299201536,0.972222,0,39,40,40,40
run_32_repetition_0,DONE,DT,xgb_cpu,iris,100,4,22.3538208,23.15058928,,,,2.070784569,14321598464,1,0,40,40,40,41
run_33_repetition_0,DONE,DT,xgb_cpu,wine,130,13,22.28344727,23.17188196,,,,2.062018871,14321623040,1,0,40,40,40,42
run_34_repetition_0,DONE,DT,xgb_cpu,breast_cancer,569,30,31.95776367,33.52588887,,,,2.106339455,14383480832,0.947368,0,41,40,43,42
run_35_repetition_0,DONE,DT,xgb_cpu,digits,360,64,22.8762207,24.75218289,,,,2.069823742,14130446336,0.958333,0,49,41,40,42
run_36_repetition_0,DONE,DT,xgb_gpu,iris,100,4,27.47949219,28.30005171,5.356853324,4.31874,5.456666667,7.181522846,14211801088,1,0,39,40,39,41
run_37_repetition_0,DONE,DT,xgb_gpu,wine,130,13,23.55963135,25.64249843,4.935772687,5.06782,5.54,7.165184259,14195589120,1,0,39,40,40,40
run_38_repetition_0,DONE,DT,xgb_gpu,breast_cancer,569,30,25.23895264,24.17863033,4.076710362,7.48211,3.85,7.188687325,14206967808,0.947368,0,39,39,39,40
run_39_repetition_0,DONE,DT,xgb_gpu,digits,360,64,23.28649902,25.67486257,4.432330446,6.29458,4.7,7.170526505,14201946112,0.958333,0,46,39,39,40
run_40_repetition_0,DONE,KMeans,skl_cpu,iris,100,4,17.07208252,26.73636917,,,,2.084929943,14137569280,1,0,38,39,39,39
run_41_repetition_0,DONE,KMeans,skl_cpu,wine,130,13,17.23779297,26.92328616,,,,2.094498158,14140399616,0.938462,0,38,38,38,39
run_42_repetition_0,DONE,KMeans,skl_cpu,breast_cancer,569,30,23.62585449,31.54040452,,,,2.094101191,14201237504,0.905097,0,37,38,39,39
run_43_repetition_0,DONE,KMeans,skl_cpu,digits,360,64,17.31298828,25.24112836,,,,2.114783764,14220828672,0.994444,0,38,38,38,39
run_44_repetition_0,DONE,KMeans,intelex_cpu,iris,100,4,17.14959717,26.06158083,,,,2.133382797,14210715648,1,0,37,38,38,39
run_45_repetition_0,DONE,KMeans,intelex_cpu,wine,130,13,17.02026367,23.72912032,,,,2.095633745,14223011840,0.938462,0,39,39,39,39
run_46_repetition_0,DONE,KMeans,intelex_cpu,breast_cancer,569,30,17.23956299,25.49413881,,,,2.098692894,14214029312,0.905097,0,37,38,38,39
run_47_repetition_0,DONE,KMeans,intelex_cpu,digits,360,64,17.24731445,25.96655181,,,,2.095659733,14219264000,0.994444,0,39,38,39,39
run_48_repetition_0,DONE,KMeans,tf_gpu,iris,100,4,47.22540283,18.7106396,4.236188349,6.18342,4.536666667,7.171051741,14570967040,1,0,38,38,38,39
run_49_repetition_0,DONE,KMeans,tf_gpu,wine,130,13,46.93304443,20.47477683,4.937112833,7.25431,4.623333333,7.487600088,14571061248,0.938461538,0,38,38,38,39
run_50_repetition_0,DONE,KMeans,tf_gpu,breast_cancer,569,30,47.92773438,19.05934214,4.064033762,11.43692,3.853333333,7.200200796,14572249088,0.912126538,0,38,38,39,39
run_51_repetition_0,DONE,KMeans,tf_gpu,digits,360,64,46.79418945,18.08780223,4.268700203,9.28477,4.636666667,7.170939922,14576492544,0.991666667,0,45,39,38,39
run_0_repetition_1,DONE,LR,skl_cpu,iris,100,4,18.49279785,31.33792253,,,,2.077327967,14238310400,1,0,39,38,38,39
run_1_repetition_1,DONE,LR,skl_cpu,wine,130,13,18.63458252,32.41488109,,,,2.095761776,14245179392,1,0,37,38,37,39
run_2_repetition_1,DONE,LR,skl_cpu,breast_cancer,569,30,18.93762207,32.79258741,,,,2.113385201,14254157824,0.973684,0,44,38,37,38
run_3_repetition_1,DONE,LR,skl_cpu,digits,360,64,18.77252197,31.4223663,,,,2.160709858,14256603136,1,0,43,38,37,38
run_4_repetition_1,DONE,LR,intelex_cpu,iris,100,4,21.68792725,28.61190029,,,,2.071785688,14274551808,1,0,37,37,38,38
run_5_repetition_1,DONE,LR,intelex_cpu,wine,130,13,21.88879395,29.47507095,,,,2.084947586,14285258752,1,0,36,37,38,38
run_6_repetition_1,DONE,LR,intelex_cpu,breast_cancer,569,30,21.97454834,29.41335681,,,,2.066197157,14290554880,0.973684,0,36,37,38,38
run_7_repetition_1,DONE,LR,intelex_cpu,digits,360,64,22.10968018,29.31311152,,,,2.074559212,14314323968,1,0,36,37,37,38
run_8_repetition_1,DONE,LR,trh_gpu,iris,100,4,53.44146729,18.70777746,3.992067876,6.34712,4.236666667,7.152462482,14771900416,1,0,36,37,37,38
run_9_repetition_1,DONE,LR,trh_gpu,wine,130,13,57.74243164,20.55046634,13.81379787,7.23895,13.75666667,7.15707922,14784557056,0.923077,0,37,37,63,39
run_10_repetition_1,DONE,LR,trh_gpu,breast_cancer,569,30,54.82043457,17.48923779,7.775719056,10.97285,7.33,7.213477135,14788653056,0.95614,0,37,38,38,39
run_11_repetition_1,DONE,LR,trh_gpu,digits,360,64,56.50830078,18.64685746,3.99675921,9.15644,3.81,7.180198431,14799929344,1,0,37,38,38,39
run_12_repetition_1,DONE,RR,skl_cpu,iris,100,4,16.67138672,25.40930553,,,,2.085851908,14294663168,0,0.0118,37,38,38,39
run_13_repetition_1,DONE,RR,skl_cpu,wine,130,13,16.51043701,24.78633348,,,,2.091539145,14306643968,0,0.0472,37,38,38,39
run_14_repetition_1,DONE,RR,skl_cpu,breast_cancer,569,30,16.72650146,26.47927163,,,,2.098497629,14332792832,0,0.0621,37,39,38,39
run_15_repetition_1,DONE,RR,skl_cpu,digits,360,64,17.02709961,25.20499595,,,,2.090549231,14341402624,0,0.0096,38,38,38,39
run_16_repetition_1,DONE,RR,intelex_cpu,iris,100,4,19.66229248,22.66241679,,,,2.069353819,14415073280,0,0.0118,39,39,40,40
run_17_repetition_1,DONE,RR,intelex_cpu,wine,130,13,20.13641357,23.66519717,,,,2.096007347,14667366400,0,0.0472,42,42,42,42
run_18_repetition_1,DONE,RR,intelex_cpu,breast_cancer,569,30,19.91424561,23.39181248,,,,2.112658739,14662275072,0,0.0621,38,39,39,40
run_19_repetition_1,DONE,RR,intelex_cpu,digits,360,64,19.95751953,23.37573589,,,,2.065040112,14602661888,0,0.0096,39,39,47,39
run_20_repetition_1,DONE,RR,xgb_gpu,iris,100,4,23.92382812,25.89243305,4.332506089,8.45676,4.726666667,7.159271002,14654812160,0,0.0004,38,39,37,39
run_21_repetition_1,DONE,RR,xgb_gpu,wine,130,13,28.25299072,24.92967638,4.454635788,9.06782,4.813333333,7.192057133,14637211648,0,0.0085,39,39,39,40
run_22_repetition_1,DONE,RR,xgb_gpu,breast_cancer,569,30,29.7645874,23.34301515,5.324073629,12.18493,4.836666667,7.191200256,14638260224,0,0.0393,38,39,40,40
run_23_repetition_1,DONE,RR,xgb_gpu,digits,360,64,25.56933594,23.34147808,4.278513412,10.03721,4.52,7.178771973,14637539328,0,0.0058,38,39,38,40
run_24_repetition_1,DONE,RR,trh_gpu,iris,100,4,57.29602051,16.62285796,4.535676486,8.29108,4.213333333,7.171483517,14925336576,0,0.0119,38,39,39,40
run_25_repetition_1,DONE,RR,trh_gpu,wine,130,13,57.09063721,17.89424524,4.331943955,9.46352,4.07,7.174229622,14924136448,0,0.0478,39,39,40,40
run_26_repetition_1,DONE,RR,trh_gpu,breast_cancer,569,30,57.18127441,17.94812956,4.137509967,12.57685,4.023333333,7.170480013,14917275648,0,0.057,37,39,40,41
run_27_repetition_1,DONE,RR,trh_gpu,digits,360,64,58.61016846,17.50609457,4.688460176,11.03721,4.91,7.192167759,14910185472,0,0.0095,39,39,40,41
run_28_repetition_1,DONE,DT,skl_cpu,iris,100,4,16.78143311,25.77745292,,,,2.104066372,14311751680,1,0,39,39,38,40
run_29_repetition_1,DONE,DT,skl_cpu,wine,130,13,19.20397949,28.23357159,,,,2.124861002,14344441856,0.923077,0,39,39,39,40
run_30_repetition_1,DONE,DT,skl_cpu,breast_cancer,569,30,17.07318115,25.40498521,,,,2.100058317,14333685760,0.912281,0,38,39,39,39
run_31_repetition_1,DONE,DT,skl_cpu,digits,360,64,17.0078125,25.24614892,,,,2.098364592,14332219392,0.972222,0,38,39,38,39
run_32_repetition_1,DONE,DT,xgb_cpu,iris,100,4,22.40551758,23.45065265,,,,2.094404459,14330421248,1,0,37,39,39,40
run_33_repetition_1,DONE,DT,xgb_cpu,wine,130,13,22.43548584,22.71887974,,,,2.171815157,14333566976,1,0,39,39,39,40
run_34_repetition_1,DONE,DT,xgb_cpu,breast_cancer,569,30,23.25952148,24.68754188,,,,2.107197762,14370025472,0.947368,0,38,39,40,40
run_35_repetition_1,DONE,DT,xgb_cpu,digits,360,64,22.44921875,23.49180232,,,,2.071009159,14348845056,0.958333,0,38,39,39,41
run_36_repetition_1,DONE,DT,xgb_gpu,iris,100,4,22.93084717,25.44431312,4.301600485,6.31874,4.496666667,7.17786026,14425911296,1,0,38,39,39,40
run_37_repetition_1,DONE,DT,xgb_gpu,wine,130,13,23.39501953,25.18983659,4.258395915,5.31987,4.06,7.187029362,14450180096,1,0,38,39,39,40
run_38_repetition_1,DONE,DT,xgb_gpu,breast_cancer,569,30,25.68878174,24.58563511,4.033135618,8.48211,4.25,7.174626827,14480801792,0.947368,0,39,40,39,41
run_39_repetition_1,DONE,DT,xgb_gpu,digits,360,64,23.44726563,25.99475121,4.007142129,7.29458,4.086666667,7.177536249,14479216640,0.958333,0,39,39,39,40
run_40_repetition_1,DONE,KMeans,skl_cpu,iris,100,4,17.36138916,26.03460895,,,,2.096527338,14400401408,1,0,38,39,39,40
run_41_repetition_1,DONE,KMeans,skl_cpu,wine,130,13,17.11376953,26.21485094,,,,2.081035852,14396919808,0.938462,0,37,39,47,39
run_42_repetition_1,DONE,KMeans,skl_cpu,breast_cancer,569,30,17.33508301,26.47954616,,,,2.08762455,14397628416,0.905097,0,38,39,39,39
run_43_repetition_1,DONE,KMeans,skl_cpu,digits,360,64,17.26983643,26.34587731,,,,2.074979067,14409809920,0.994444,0,37,39,38,39
run_44_repetition_1,DONE,KMeans,intelex_cpu,iris,100,4,17.19677734,25.62275487,,,,2.111256599,14413914112,1,0,38,39,39,39
run_45_repetition_1,DONE,KMeans,intelex_cpu,wine,130,13,17.05743408,26.52721961,,,,2.06703496,14413074432,0.938462,0,39,39,38,39
run_46_repetition_1,DONE,KMeans,intelex_cpu,breast_cancer,569,30,17.00866699,25.94260962,,,,2.132358313,14410948608,0.905097,0,38,39,38,39
run_47_repetition_1,DONE,KMeans,intelex_cpu,digits,360,64,17.17889404,26.81072576,,,,2.090289354,14415335424,0.994444,0,38,39,37,39
run_48_repetition_1,DONE,KMeans,tf_gpu,iris,100,4,46.86340332,18.37563978,4.066880944,7.18342,3.83,7.19325161,14755438592,1,0,38,39,40,40
run_49_repetition_1,DONE,KMeans,tf_gpu,wine,130,13,47.18841553,18.31123749,4.745598714,7.25431,4.75,7.175707817,14754840576,0.938461538,0,39,39,39,40
run_50_repetition_1,DONE,KMeans,tf_gpu,breast_cancer,569,30,47.00946045,18.68680941,3.914776038,13.43692,3.7,7.151590824,14756438016,0.912126538,0,39,39,40,40
run_51_repetition_1,DONE,KMeans,tf_gpu,digits,360,64,47.28094482,18.38407527,4.126829919,8.28477,4.446666667,7.198957443,14763212800,0.991666667,0,39,39,39,40
run_0_repetition_2,DONE,LR,skl_cpu,iris,100,4,18.71105957,31.96985919,,,,2.091370583,14421987328,1,0,39,39,38,40
run_1_repetition_2,DONE,LR,skl_cpu,wine,130,13,18.74530029,32.26751849,,,,2.109723091,14423965696,1,0,38,39,39,39
run_2_repetition_2,DONE,LR,skl_cpu,breast_cancer,569,30,18.91540527,32.18927895,,,,2.093616009,14427213824,0.973684,0,38,39,39,40
run_3_repetition_2,DONE,LR,skl_cpu,digits,360,64,18.9263916,31.94277466,,,,2.09518075,14433423360,1,0,37,39,38,39
run_4_repetition_2,DONE,LR,intelex_cpu,iris,100,4,21.94787598,29.17936589,,,,2.070899487,14445977600,1,0,38,39,38,39
run_5_repetition_2,DONE,LR,intelex_cpu,wine,130,13,22.01977539,29.75771926,,,,2.07469058,14450348032,1,0,38,39,38,40
run_6_repetition_2,DONE,LR,intelex_cpu,breast_cancer,569,30,22.61865234,30.39894464,,,,2.09339571,14451396608,0.973684,0,39,39,38,39
run_7_repetition_2,DONE,LR,intelex_cpu,digits,360,64,22.10870361,29.16885567,,,,2.069275618,14453137408,1,0,38,39,38,39
run_8_repetition_2,DONE,LR,trh_gpu,iris,100,4,55.18206787,17.44687413,3.97847173,5.34712,4.293333333,7.152142286,14901813248,1,0,45,39,38,40
run_9_repetition_2,DONE,LR,trh_gpu,wine,130,13,53.2611084,18.10053872,4.228989178,6.23895,3.843333333,7.173131466,14903459840,0.961538,0,38,39,40,40
run_10_repetition_2,DONE,LR,trh_gpu,breast_cancer,569,30,55.79437256,17.53530363,4.099615384,10.48267,4.366666667,7.184613943,14904352768,0.973684,0,38,39,39,40
run_11_repetition_2,DONE,LR,trh_gpu,digits,360,64,53.56451416,18.43647986,3.925755057,8.15644,3.746666667,7.165291309,14906535936,1,0,37,39,40,41
run_12_repetition_2,DONE,RR,skl_cpu,iris,100,4,16.64257813,24.96780431,,,,2.095475912,14399926272,0,0.0118,39,39,39,40
run_13_repetition_2,DONE,RR,skl_cpu,wine,130,13,16.67230225,25.24266115,,,,2.089029789,14409924608,0,0.0472,39,39,39,39
run_14_repetition_2,DONE,RR,skl_cpu,breast_cancer,569,30,16.77490234,24.6696262,,,,2.095970631,14414262272,0,0.0621,37,39,38,39
run_15_repetition_2,DONE,RR,skl_cpu,digits,360,64,16.82220459,24.823615,,,,2.093604326,14412955648,0,0.0096,38,39,37,39
run_16_repetition_2,DONE,RR,intelex_cpu,iris,100,4,20.11065674,23.74322867,,,,2.100363016,14427484160,0,0.0118,38,39,38,39
run_17_repetition_2,DONE,RR,intelex_cpu,wine,130,13,19.98339844,23.1975981,,,,2.095823288,14428033024,0,0.0472,38,39,38,39
run_18_repetition_2,DONE,RR,intelex_cpu,breast_cancer,569,30,19.90881348,23.72485694,,,,2.064824104,14435872768,0,0.0621,38,39,38,39
run_19_repetition_2,DONE,RR,intelex_cpu,digits,360,64,19.9241333,23.00000918,,,,2.066029072,14457671680,0,0.0096,38,39,38,39
run_20_repetition_2,DONE,RR,xgb_gpu,iris,100,4,25.03674316,23.00322184,4.926206541,9.46352,4.59,7.203509569,14509080576,0,0.0004,38,39,38,39
run_21_repetition_2,DONE,RR,xgb_gpu,wine,130,13,25.54370117,23.34574601,4.190968742,8.31874,4.52,7.139378309,14496911360,0,0.0085,38,39,39,39
run_22_repetition_2,DONE,RR,xgb_gpu,breast_cancer,569,30,29.88696289,22.99904814,3.977013116,10.06782,3.903333333,7.166780233,14508195840,0,0.0393,37,39,38,40
run_23_repetition_2,DONE,RR,xgb_gpu,digits,360,64,26.23339844,24.23480984,3.798479223,12.48211,3.866666667,7.229727507,14556762112,0,0.0058,38,39,39,40
run_24_repetition_2,DONE,RR,trh_gpu,iris,100,4,57.01409912,17.75207431,3.859577183,9.29458,3.966666667,7.179208994,14942142464,0,0.0119,37,39,40,40
run_25_repetition_2,DONE,RR,trh_gpu,wine,130,13,59.82836914,19.33452909,3.974179238,9.29108,3.726666667,7.198497295,14924189696,0,0.0478,38,39,40,41
run_26_repetition_2,DONE,RR,trh_gpu,breast_cancer,569,30,57.04119873,17.58994785,3.906823758,12.18493,4.16,7.189893723,14925283328,0,0.057,38,39,40,41
run_27_repetition_2,DONE,RR,trh_gpu,digits,360,64,57.29827881,17.89947729,4.04944684,10.03721,3.78,7.167886972,14906941440,0,0.0095,38,39,39,41
run_28_repetition_2,DONE,DT,skl_cpu,iris,100,4,17.09533691,25.83802793,,,,2.114987135,14310031360,1,0,39,39,39,40
run_29_repetition_2,DONE,DT,skl_cpu,wine,130,13,17.06488037,25.02232941,,,,2.094357491,14312656896,0.923077,0,38,39,39,40
run_30_repetition_2,DONE,DT,skl_cpu,breast_cancer,569,30,17.12225342,25.62985362,,,,2.070055008,14317703168,0.912281,0,38,39,38,40
run_31_repetition_2,DONE,DT,skl_cpu,digits,360,64,17.12084961,26.13169944,,,,2.091092348,14316417024,0.972222,0,39,39,38,39
run_32_repetition_2,DONE,DT,xgb_cpu,iris,100,4,22.41088867,23.56232029,,,,2.096383095,14320529408,1,0,38,39,39,40
run_33_repetition_2,DONE,DT,xgb_cpu,wine,130,13,22.41845703,23.39245909,,,,2.095651388,14320848896,1,0,38,39,39,41
run_34_repetition_2,DONE,DT,xgb_cpu,breast_cancer,569,30,23.04772949,29.50057334,,,,2.080003262,14326157312,0.947368,0,38,39,39,41
run_35_repetition_2,DONE,DT,xgb_cpu,digits,360,64,22.64898682,23.78024425,,,,2.069788694,14332669952,0.958333,0,38,39,39,41
run_36_repetition_2,DONE,DT,xgb_gpu,iris,100,4,22.91790771,24.77443363,4.07436415,5.31879,3.883333333,7.207108498,14398590976,1,0,39,39,39,40
run_37_repetition_2,DONE,DT,xgb_gpu,wine,130,13,23.41137695,26.114236,4.204564403,5.06782,4.556666667,7.209336519,14416568320,1,0,37,39,39,40
run_38_repetition_2,DONE,DT,xgb_gpu,breast_cancer,569,30,27.6817627,26.48784882,4.218176745,7.48211,3.976666667,7.173782587,14400446464,0.947368,0,39,39,38,40
run_39_repetition_2,DONE,DT,xgb_gpu,digits,360,64,23.2444458,25.68980984,3.70658602,6.29458,3.903333333,7.251098156,14425362432,0.958333,0,38,39,39,40
run_40_repetition_2,DONE,KMeans,skl_cpu,iris,100,4,17.24163818,25.75845753,,,,2.066053391,14333063168,1,0,38,39,38,40
run_41_repetition_2,DONE,KMeans,skl_cpu,wine,130,13,17.38848877,26.0834281,,,,2.069806814,14331301888,0.938462,0,39,39,39,40
run_42_repetition_2,DONE,KMeans,skl_cpu,breast_cancer,569,30,17.10650635,24.61796576,,,,2.114999533,14331604992,0.905097,0,39,39,38,39
run_43_repetition_2,DONE,KMeans,skl_cpu,digits,360,64,17.4465332,25.82613983,,,,2.114593983,14330953728,0.994444,0,38,39,38,39
run_44_repetition_2,DONE,KMeans,intelex_cpu,iris,100,4,17.41265869,26.12689967,,,,2.073470116,14334423040,1,0,37,39,38,39
run_45_repetition_2,DONE,KMeans,intelex_cpu,wine,130,13,17.25134277,25.58124274,,,,2.44657588,14340526080,0.938462,0,37,39,47,39
run_46_repetition_2,DONE,KMeans,intelex_cpu,breast_cancer,569,30,17.24359131,25.95620702,,,,2.091821671,14349635584,0.905097,0,43,39,38,39
run_47_repetition_2,DONE,KMeans,intelex_cpu,digits,360,64,17.22607422,26.50960905,,,,2.07799983,14351958016,0.994444,0,42,39,38,39
run_48_repetition_2,DONE,KMeans,tf_gpu,iris,100,4,46.88897705,18.22378111,4.508680528,9.47845,4.886666667,7.184242964,14689107968,1,0,39,39,40,40
run_49_repetition_2,DONE,KMeans,tf_gpu,wine,130,13,47.13409424,18.13513856,3.971643647,7.25431,3.783333333,7.189896345,14692589568,0.938461538,0,55,39,39,40
run_50_repetition_2,DONE,KMeans,tf_gpu,breast_cancer,569,30,47.30657959,18.43359461,4.399665968,15.43692,4.613333333,7.188659668,14694903808,0.912126538,0,39,39,39,40
run_51_repetition_2,DONE,KMeans,tf_gpu,digits,360,64,49.8036499,19.55424772,3.947530763,12.18477,3.716666667,7.173017263,14699728896,0.991666667,0,39,39,40,40
run_0_repetition_3,DONE,LR,skl_cpu,iris,100,4,18.76318359,31.73033127,,,,2.090809345,14360608768,1,0,39,39,39,40
run_1_repetition_3,DONE,LR,skl_cpu,wine,130,13,18.87097168,31.7394624,,,,2.074062347,14359654400,1,0,38,39,38,40
run_2_repetition_3,DONE,LR,skl_cpu,breast_cancer,569,30,18.58935547,31.29189579,,,,2.096060753,14362873856,0.973684,0,38,39,38,39
run_3_repetition_3,DONE,LR,skl_cpu,digits,360,64,19.00073242,31.40628817,,,,2.072098017,14362578944,1,0,37,39,38,39
run_4_repetition_3,DONE,LR,intelex_cpu,iris,100,4,21.78393555,29.82847055,,,,2.086180449,14379409408,1,0,39,39,39,39
run_5_repetition_3,DONE,LR,intelex_cpu,wine,130,13,21.50842285,29.66799361,,,,2.098675489,14381084672,1,0,38,39,39,39
run_6_repetition_3,DONE,LR,intelex_cpu,breast_cancer,569,30,22.8604126,30.74678846,,,,2.071256638,14385451008,0.973684,0,38,39,38,39
run_7_repetition_3,DONE,LR,intelex_cpu,digits,360,64,22.12591553,28.9223426,,,,2.093307257,14386548736,1,0,38,39,38,39
run_8_repetition_3,DONE,LR,trh_gpu,iris,100,4,53.64208984,18.52073042,3.965420494,8.15644,3.786666667,7.193464518,14869372928,1,0,37,39,38,40
run_9_repetition_3,DONE,LR,trh_gpu,wine,130,13,56.92156982,18.42384925,6.655223962,6.34712,6.78,7.163172722,14868570112,1,0,39,39,39,41
run_10_repetition_3,DONE,LR,trh_gpu,breast_cancer,569,30,55.05938721,17.49589693,4.380465274,7.23895,4.153333333,7.16750145,14926618624,0.95614,0,39,40,40,41
run_11_repetition_3,DONE,LR,trh_gpu,digits,360,64,55.57684326,17.58035013,4.094175925,10.97285,4.413333333,7.1989007,14812856320,1,0,44,40,39,41
run_12_repetition_3,DONE,RR,skl_cpu,iris,100,4,16.48675537,24.58854745,,9.15644,,2.08772707,14305452032,0,0.0118,38,39,39,40
run_13_repetition_3,DONE,RR,skl_cpu,wine,130,13,16.63861084,24.06076132,,,,2.35672617,14306234368,0,0.0472,39,39,38,40
run_14_repetition_3,DONE,RR,skl_cpu,breast_cancer,569,30,16.73535156,25.40751869,,,,2.109199762,14312251392,0,0.0621,38,39,38,39
run_15_repetition_3,DONE,RR,skl_cpu,digits,360,64,16.80206299,24.81639882,,,,2.098305941,14331420672,0,0.0096,38,39,38,40
run_16_repetition_3,DONE,RR,intelex_cpu,iris,100,4,19.75964355,23.07521283,,,,2.067893267,14328819712,0,0.0118,37,39,39,39
run_17_repetition_3,DONE,RR,intelex_cpu,wine,130,13,20.00897217,23.55988678,,,,2.092383623,14335254528,0,0.0472,38,39,38,39
run_18_repetition_3,DONE,RR,intelex_cpu,breast_cancer,569,30,20.11035156,23.54436355,,,,2.078034639,14342979584,0,0.0621,38,39,38,40
run_19_repetition_3,DONE,RR,intelex_cpu,digits,360,64,20.05975342,21.98606776,,,,2.066259623,14352109568,0,0.0096,37,39,38,39
run_20_repetition_3,DONE,RR,xgb_gpu,iris,100,4,23.91461182,28.40882406,4.144294835,9.46352,4,7.188014507,14405570560,0,0.0004,38,39,38,39
run_21_repetition_3,DONE,RR,xgb_gpu,wine,130,13,24.51226807,25.78004146,7.186187921,8.31874,6.73,7.173504114,14410444800,0,0.0085,43,39,39,40
run_22_repetition_3,DONE,RR,xgb_gpu,breast_cancer,569,30,29.53155518,22.96392035,4.141386251,12.06782,3.886666667,7.187870026,14436499456,0,0.0393,38,39,39,40
run_23_repetition_3,DONE,RR,xgb_gpu,digits,360,64,25.81903076,24.50788437,4.024807357,11.48211,4.313333333,7.173650503,14453407744,0,0.0058,37,39,39,40
run_24_repetition_3,DONE,RR,trh_gpu,iris,100,4,56.80340576,17.53960859,3.84082788,9.29458,3.99,7.203903675,14931288064,0,0.0119,39,39,39,40
run_25_repetition_3,DONE,RR,trh_gpu,wine,130,13,56.88690186,17.39519782,4.585493548,9.29108,4.19,7.148150206,14925291520,0,0.0478,39,39,40,41
run_26_repetition_3,DONE,RR,trh_gpu,breast_cancer,569,30,57.1550293,17.90255464,3.880010026,12.18493,4.123333333,7.173026085,14926098432,0,0.057,38,39,40,41
run_27_repetition_3,DONE,RR,trh_gpu,digits,360,64,57.00866699,17.77308746,4.241513368,10.03721,4.083333333,7.14622426,14924464128,0,0.0095,39,40,47,41
run_28_repetition_3,DONE,DT,skl_cpu,iris,100,4,16.88891602,23.90689909,,,,2.06671977,14342479872,1,0,38,39,39,40
run_29_repetition_3,DONE,DT,skl_cpu,wine,130,13,16.92169189,26.00159008,,,,2.094353676,14329368576,0.923077,0,38,39,38,39
run_30_repetition_3,DONE,DT,skl_cpu,breast_cancer,569,30,17.0824585,25.18301537,,,,2.092926264,14321876992,0.912281,0,38,39,39,39
run_31_repetition_3,DONE,DT,skl_cpu,digits,360,64,16.97344971,25.32635049,,,,2.093480825,14324834304,0.972222,0,37,39,38,40
run_32_repetition_3,DONE,DT,xgb_cpu,iris,100,4,22.3182373,22.69919086,,,,2.117948771,14330335232,1,0,38,39,38,40
run_33_repetition_3,DONE,DT,xgb_cpu,wine,130,13,22.56848145,22.72772413,,,,2.073447704,14341316608,1,0,38,39,39,41
run_34_repetition_3,DONE,DT,xgb_cpu,breast_cancer,569,30,23.26928711,24.92812629,,,,2.087915182,14361673728,0.947368,0,37,39,39,41
run_35_repetition_3,DONE,DT,xgb_cpu,digits,360,64,22.67993164,23.73092742,,,,2.07481885,14336864256,0.958333,0,38,39,39,41
run_36_repetition_3,DONE,DT,xgb_gpu,iris,100,4,23.30523682,25.44654948,3.682922419,4.31874,3.766666667,7.2006042,14428127232,1,0,39,39,38,40
run_37_repetition_3,DONE,DT,xgb_gpu,wine,130,13,23.45123291,25.73387753,4.22498318,5.06782,3.996666667,7.186936378,14407929856,1,0,38,39,39,40
run_38_repetition_3,DONE,DT,xgb_gpu,breast_cancer,569,30,25.57769775,24.08821923,3.677363319,7.48211,3.833333333,7.197653294,14420406272,0.947368,0,39,39,39,40
run_39_repetition_3,DONE,DT,xgb_gpu,digits,360,64,24.72436523,23.36535503,3.905731906,6.29458,3.683333333,7.194455624,14447972352,0.958333,0,38,39,38,40
run_40_repetition_3,DONE,KMeans,skl_cpu,iris,100,4,17.11157227,26.19744453,,,,2.073417664,14357606400,1,0,39,39,38,40
run_41_repetition_3,DONE,KMeans,skl_cpu,wine,130,13,17.13726807,26.38779684,,,,2.071894169,14351876096,0.938462,0,38,39,38,40
run_42_repetition_3,DONE,KMeans,skl_cpu,breast_cancer,569,30,17.43481445,29.8953898,,,,2.113934278,14356873216,0.905097,0,38,39,39,40
run_43_repetition_3,DONE,KMeans,skl_cpu,digits,360,64,17.48400879,25.49138012,,,,2.073434114,14412546048,0.994444,0,40,40,40,40
run_44_repetition_3,DONE,KMeans,intelex_cpu,iris,100,4,17.07440186,25.38201952,,,,2.09146595,14416408576,1,0,38,40,39,40
run_45_repetition_3,DONE,KMeans,intelex_cpu,wine,130,13,17.24694824,26.64215054,,,,2.083825588,14416392192,0.938462,0,38,39,40,40
run_46_repetition_3,DONE,KMeans,intelex_cpu,breast_cancer,569,30,17.46118164,26.60690175,,,,2.089502335,14399205376,0.905097,0,39,39,39,40
run_47_repetition_3,DONE,KMeans,intelex_cpu,digits,360,64,17.56225586,26.71870049,,,,2.089369535,14405255168,0.994444,0,37,39,38,40
run_48_repetition_3,DONE,KMeans,tf_gpu,iris,100,4,47.01080322,18.00409762,4.108937401,8.18342,3.873333333,7.177249908,14750896128,1,0,38,39,40,40
run_49_repetition_3,DONE,KMeans,tf_gpu,wine,130,13,47.04553223,18.22638073,4.999644051,7.48176,5.293333333,7.130322695,14677852160,0.938461538,0,38,39,39,40
run_50_repetition_3,DONE,KMeans,tf_gpu,breast_cancer,569,30,46.85858154,18.4501257,4.788139105,14.43692,4.453333333,7.166196823,14676373504,0.912126538,0,38,39,40,40
run_51_repetition_3,DONE,KMeans,tf_gpu,digits,360,64,47.1270752,17.95728658,4.203497115,9.68446,4.453333333,7.166891813,14678204416,0.991666667,0,38,39,39,41
run_0_repetition_4,DONE,LR,skl_cpu,iris,100,4,18.84051514,31.886532,,,,2.10673666,14352203776,1,0,39,39,39,40
run_1_repetition_4,DONE,LR,skl_cpu,wine,130,13,18.75402832,31.72860608,,,,2.090378523,14349148160,1,0,39,39,39,40
run_2_repetition_4,DONE,LR,skl_cpu,breast_cancer,569,30,18.73724365,31.30692402,,,,2.091412067,14350684160,0.973684,0,38,39,40,40
run_3_repetition_4,DONE,LR,skl_cpu,digits,360,64,20.28796387,35.44140518,,,,2.103644848,14351118336,1,0,39,39,45,40
run_4_repetition_4,DONE,LR,intelex_cpu,iris,100,4,21.89416504,29.15120469,,,,2.096367359,14376042496,1,0,39,39,39,40
run_5_repetition_4,DONE,LR,intelex_cpu,wine,130,13,22.16912842,28.761563,,,,2.088550568,14393724928,1,0,37,39,39,40
run_6_repetition_4,DONE,LR,intelex_cpu,breast_cancer,569,30,24.17596436,34.29040691,,,,2.11557126,14384148480,0.973684,0,39,39,40,40
run_7_repetition_4,DONE,LR,intelex_cpu,digits,360,64,22.18481445,25.42171039,,,,2.093218327,14389387264,1,0,37,39,38,40
run_8_repetition_4,DONE,LR,trh_gpu,iris,100,4,53.50634766,18.20344982,3.967019472,5.34712,3.83,7.183763266,14849490944,1,0,38,39,40,41
run_9_repetition_4,DONE,LR,trh_gpu,wine,130,13,55.53314209,17.54488153,4.171051457,6.23895,4.47,7.19788599,14850744320,0.884615,0,39,39,40,41
run_10_repetition_4,DONE,LR,trh_gpu,breast_cancer,569,30,53.84741211,18.91638295,4.372210053,10.48267,4.043333333,7.157570362,14876913664,0.95614,0,38,40,40,41
run_11_repetition_4,DONE,LR,trh_gpu,digits,360,64,55.18255615,17.32071864,3.978477716,8.15644,4.163333333,7.15956974,14877917184,1,0,39,40,40,41
run_12_repetition_4,DONE,RR,skl_cpu,iris,100,4,16.67938232,25.26360363,,,,2.123873711,14377525248,0,0.0118,38,40,39,40
run_13_repetition_4,DONE,RR,skl_cpu,wine,130,13,16.39123535,25.50016741,,,,2.114352226,14375104512,0,0.0472,38,40,38,40
run_14_repetition_4,DONE,RR,skl_cpu,breast_cancer,569,30,16.48040771,24.63423659,,,,2.127583027,14387187712,0,0.0621,39,39,39,40
run_15_repetition_4,DONE,RR,skl_cpu,digits,360,64,16.72625732,24.8476804,,,,2.073831081,14384095232,0,0.0096,38,39,39,40
run_16_repetition_4,DONE,RR,intelex_cpu,iris,100,4,19.78460693,22.35669055,,,,2.069996834,14410670080,0,0.0118,39,39,38,40
run_17_repetition_4,DONE,RR,intelex_cpu,wine,130,13,19.90313721,23.18101413,,,,2.096210957,14400479232,0,0.0472,38,39,39,40
run_18_repetition_4,DONE,RR,intelex_cpu,breast_cancer,569,30,20.00042725,22.58762091,,,,2.075003624,14413590528,0,0.0621,38,39,39,40
run_19_repetition_4,DONE,RR,intelex_cpu,digits,360,64,19.97747803,22.95531189,,,,2.074385643,14427295744,0,0.0096,38,39,38,40
run_20_repetition_4,DONE,RR,xgb_gpu,iris,100,4,25.47070313,23.62486966,4.420234491,8.31874,4.246666667,7.182452202,14492495872,0,0.0004,39,39,47,40
run_21_repetition_4,DONE,RR,xgb_gpu,wine,130,13,31.89941406,31.64503433,4.191687086,9.06782,4.483333333,7.181781292,14492954624,0,0.0085,38,39,39,40
run_22_repetition_4,DONE,RR,xgb_gpu,breast_cancer,569,30,30.15844727,22.6599714,4.813045163,7.48211,4.566666667,7.181477308,14506045440,0,0.0393,38,39,39,40
run_23_repetition_4,DONE,RR,xgb_gpu,digits,360,64,25.89447021,24.13329179,4.214123563,11.29458,4.52,7.140607834,14514012160,0,0.0058,39,39,39,40
run_24_repetition_4,DONE,RR,trh_gpu,iris,100,4,57.01953125,17.88770832,4.113543953,8.29108,3.836666667,7.171063662,14709379072,0,0.0119,39,40,40,41
run_25_repetition_4,DONE,RR,trh_gpu,wine,130,13,57.02575684,17.48362972,4.366747863,9.46352,4.473333333,7.175207615,14703775744,0,0.0478,38,39,40,41
run_26_repetition_4,DONE,RR,trh_gpu,breast_cancer,569,30,56.84521484,20.12304372,3.968486215,12.57685,3.73,7.178341627,14718840832,0,0.057,38,40,40,41
run_27_repetition_4,DONE,RR,trh_gpu,digits,360,64,59.9140625,19.16716258,4.110650811,11.03721,4.426666667,7.250161171,14716887040,0,0.0095,39,40,39,41
run_28_repetition_4,DONE,DT,skl_cpu,iris,100,4,16.65722656,23.99019192,,,,2.087803841,14118461440,1,0,38,40,39,40
run_29_repetition_4,DONE,DT,skl_cpu,wine,130,13,18.85919189,27.64846154,,,,2.111266851,14137540608,0.923077,0,38,40,39,40
run_30_repetition_4,DONE,DT,skl_cpu,breast_cancer,569,30,16.84472656,24.3358907,,,,2.074675083,14127570944,0.912281,0,39,40,39,40
run_31_repetition_4,DONE,DT,skl_cpu,digits,360,64,16.94055176,25.72544994,,,,2.130096912,14129410048,0.972222,0,42,40,39,40
run_32_repetition_4,DONE,DT,xgb_cpu,iris,100,4,22.27490234,23.28771293,,,,2.097221851,14158331904,1,0,47,40,40,41
run_33_repetition_4,DONE,DT,xgb_cpu,wine,130,13,22.62097168,23.33570166,,,,2.070913792,14142730240,1,0,39,40,40,41
run_34_repetition_4,DONE,DT,xgb_cpu,breast_cancer,569,30,23.32952881,24.73451694,,,,2.090150595,14143967232,0.947368,0,38,40,39,41
run_35_repetition_4,DONE,DT,xgb_cpu,digits,360,64,22.47583008,23.29752102,,,,2.11350441,14145302528,0.958333,0,40,40,40,41
run_36_repetition_4,DONE,DT,xgb_gpu,iris,100,4,23.20758057,24.95341954,4.179234263,4.31874,4.493333333,7.187356234,14202294272,1,0,40,40,39,41
run_37_repetition_4,DONE,DT,xgb_gpu,wine,130,13,24.62414551,23.10130827,6.869821247,5.06782,5.936666667,7.147068024,14219411456,1,0,39,40,40,41
run_38_repetition_4,DONE,DT,xgb_gpu,breast_cancer,569,30,24.15472412,26.59721712,4.891965456,7.48211,5.4,7.214631557,14224248832,0.947368,0,39,40,39,40
run_39_repetition_4,DONE,DT,xgb_gpu,digits,360,64,23.37219238,25.70508821,4.322878051,6.29458,4.016666667,7.201302052,14218133504,0.958333,0,39,40,40,40
run_40_repetition_4,DONE,KMeans,skl_cpu,iris,100,4,17.40240479,26.54442418,,,,2.089817286,14161481728,1,0,41,40,39,40
run_41_repetition_4,DONE,KMeans,skl_cpu,wine,130,13,17.36047363,25.59328,,,,2.106105566,14153863168,0.938462,0,39,40,39,40
run_42_repetition_4,DONE,KMeans,skl_cpu,breast_cancer,569,30,17.36303711,26.11187394,,,,2.06621027,14157320192,0.905097,0,38,40,38,40
run_43_repetition_4,DONE,KMeans,skl_cpu,digits,360,64,17.39105225,25.36854972,,,,2.110749245,14159745024,0.994444,0,37,39,39,40
run_44_repetition_4,DONE,KMeans,intelex_cpu,iris,100,4,17.10253906,27.30227429,,,,2.090943098,14162161664,1,0,40,40,39,40
run_45_repetition_4,DONE,KMeans,intelex_cpu,wine,130,13,17.05645752,26.67712706,,,,2.469040632,14160912384,0.938462,0,38,39,39,40
run_46_repetition_4,DONE,KMeans,intelex_cpu,breast_cancer,569,30,17.52630615,26.36022369,,,,2.072119236,14197850112,0.905097,0,39,40,38,40
run_47_repetition_4,DONE,KMeans,intelex_cpu,digits,360,64,17.45397949,25.5911529,,,,2.093535423,14192205824,0.994444,0,37,39,39,39
run_48_repetition_4,DONE,KMeans,tf_gpu,iris,100,4,47.10046387,18.33610307,11.21715263,6.98454,10.63333333,7.163677454,14526586880,1,0,37,39,39,41
run_49_repetition_4,DONE,KMeans,tf_gpu,wine,130,13,47.11401367,18.25005558,3.979113383,8.25431,3.96,7.150108337,14514409472,0.938461538,0,38,39,40,41
run_50_repetition_4,DONE,KMeans,tf_gpu,breast_cancer,569,30,47.67120361,17.97949442,4.231707089,13.79685,3.986666667,7.207990646,14516154368,0.912126538,0,38,39,40,41
run_51_repetition_4,DONE,KMeans,tf_gpu,digits,360,64,47.43145752,18.26163586,3.966873208,10.28477,3.776666667,7.18522501,14517481472,0.991666667,0,38,40,39,41
run_0_repetition_5,DONE,LR,skl_cpu,iris,100,4,18.68603516,31.89127708,,,,2.099057198,14753169408,1,0,40,42,84,42
run_1_repetition_5,DONE,LR,skl_cpu,wine,130,13,18.74926758,32.09481192,,,,2.088058949,14515105792,1,0,38,40,40,41
run_2_repetition_5,DONE,LR,skl_cpu,breast_cancer,569,30,18.81689453,32.12001042,,,,2.08620739,14505639936,0.973684,0,39,40,39,40
run_3_repetition_5,DONE,LR,skl_cpu,digits,360,64,18.71325684,32.70569478,,,,2.092780828,14489866240,1,0,39,40,39,40
run_4_repetition_5,DONE,LR,intelex_cpu,iris,100,4,21.73272705,28.10290339,,,,2.092662334,14503424000,1,0,39,39,39,40
run_5_repetition_5,DONE,LR,intelex_cpu,wine,130,13,21.75854492,29.33455934,,,,2.089181185,14497943552,1,0,39,39,39,40
run_6_repetition_5,DONE,LR,intelex_cpu,breast_cancer,569,30,25.88494873,31.6304621,,,,2.093066454,14661345280,0.973684,0,40,41,41,41
run_7_repetition_5,DONE,LR,intelex_cpu,digits,360,64,22.03491211,28.80827285,,,,2.095623493,14586232832,1,0,39,40,39,40
run_8_repetition_5,DONE,LR,trh_gpu,iris,100,4,55.40032959,17.30476956,3.438800915,5.34712,3.503333333,7.217731237,14881263616,1,0,39,39,40,41
run_9_repetition_5,DONE,LR,trh_gpu,wine,130,13,53.12042236,17.71656653,3.561596284,6.23895,3.54,7.183105469,14886203392,0.961538,0,39,40,40,41
run_10_repetition_5,DONE,LR,trh_gpu,breast_cancer,569,30,61.69274902,24.02939648,5.116802379,10.48267,5.26,7.153787613,14887358464,0.964912,0,48,41,41,42
run_11_repetition_5,DONE,LR,trh_gpu,digits,360,64,55.4697876,16.66727999,3.851162448,8.15644,3.603333333,7.212123871,14887661568,1,0,41,41,42,43
run_12_repetition_5,DONE,RR,skl_cpu,iris,100,4,16.74975586,25.11881196,,7.29108,,2.090438604,14351466496,0,0.0118,42,41,39,41
run_13_repetition_5,DONE,RR,skl_cpu,wine,130,13,16.81512451,25.17416923,,8.46352,,2.093057871,14364065792,0,0.0472,40,40,40,41
run_14_repetition_5,DONE,RR,skl_cpu,breast_cancer,569,30,17.1505127,25.20648148,,12.18493,,2.091545343,14362189824,0,0.0621,39,40,39,40
run_15_repetition_5,DONE,RR,skl_cpu,digits,360,64,16.39892578,23.84861002,,10.03721,,2.117912769,14363754496,0,0.0096,39,40,40,40
run_16_repetition_5,DONE,RR,intelex_cpu,iris,100,4,19.91741943,23.36963849,,5.21284,,2.072766304,14351646720,0,0.0118,39,40,40,40
run_17_repetition_5,DONE,RR,intelex_cpu,wine,130,13,23.73327637,31.55570515,,6.17439,,2.077714205,14419464192,0,0.0472,41,40,40,41
run_18_repetition_5,DONE,RR,intelex_cpu,breast_cancer,569,30,22.04736328,27.36228515,,9.85627,,2.071047544,14605709312,0,0.0621,41,41,42,42
run_19_repetition_5,DONE,RR,intelex_cpu,digits,360,64,22.62969971,29.29018344,,8.04916,,2.076392889,14929846272,0,0.0096,59,44,45,45
run_20_repetition_5,DONE,RR,xgb_gpu,iris,100,4,25.47784424,23.19045807,4.832037826,8.31874,5.22,7.189097643,14645383168,0,0.0004,41,42,40,43
run_21_repetition_5,DONE,RR,xgb_gpu,wine,130,13,29.99890137,32.80825778,4.901691145,9.06782,5.133333333,7.147895575,14652661760,0,0.0085,41,42,41,42
run_22_repetition_5,DONE,RR,xgb_gpu,breast_cancer,569,30,29.72741699,22.91221687,3.793706151,7.48211,3.593333333,7.207204103,14622609408,0,0.0393,40,41,41,41
run_23_repetition_5,DONE,RR,xgb_gpu,digits,360,64,26.04748535,23.83471825,3.980830359,11.29458,4.143333333,7.193321705,14632935424,0,0.0058,55,41,41,41
run_24_repetition_5,DONE,RR,trh_gpu,iris,100,4,57.03564453,18.29202411,4.739118112,8.29108,4.553333333,7.153989077,14932361216,0,0.0119,40,40,41,42
run_25_repetition_5,DONE,RR,trh_gpu,wine,130,13,57.18737793,18.01546276,3.950584639,9.46352,4.233333333,7.198229313,14878949376,0,0.0478,39,41,41,42
run_26_repetition_5,DONE,RR,trh_gpu,breast_cancer,569,30,57.04382324,18.03460522,4.089022853,12.18493,3.836666667,7.189220428,14890942464,0,0.057,40,41,41,42
run_27_repetition_5,DONE,RR,trh_gpu,digits,360,64,57.48028564,17.99589554,4.375298523,10.03721,4.69,7.162756443,14900109312,0,0.0095,40,41,41,42
run_28_repetition_5,DONE,DT,skl_cpu,iris,100,4,17.42749023,25.83703979,,,,2.092107058,14286245888,1,0,40,40,41,41
run_29_repetition_5,DONE,DT,skl_cpu,wine,130,13,16.98468018,25.93176428,,,,2.100486994,14298615808,0.923077,0,40,40,40,41
run_30_repetition_5,DONE,DT,skl_cpu,breast_cancer,569,30,16.76928711,25.56304709,,,,2.110597849,14298550272,0.912281,0,39,40,40,41
run_31_repetition_5,DONE,DT,skl_cpu,digits,360,64,16.75982666,25.49434152,,,,2.087913752,14299201536,0.972222,0,39,40,40,40
run_32_repetition_5,DONE,DT,xgb_cpu,iris,100,4,22.3538208,23.15058928,,,,2.070784569,14321598464,1,0,40,40,40,41
run_33_repetition_5,DONE,DT,xgb_cpu,wine,130,13,22.28344727,23.17188196,,,,2.062018871,14321623040,1,0,40,40,40,42
run_34_repetition_5,DONE,DT,xgb_cpu,breast_cancer,569,30,31.95776367,33.52588887,,,,2.106339455,14383480832,0.947368,0,41,40,43,42
run_35_repetition_5,DONE,DT,xgb_cpu,digits,360,64,22.8762207,24.75218289,,,,2.069823742,14130446336,0.958333,0,49,41,40,42
run_36_repetition_5,DONE,DT,xgb_gpu,iris,100,4,27.47949219,28.30005171,5.356853324,4.31874,5.456666667,7.181522846,14211801088,1,0,39,40,39,41
run_37_repetition_5,DONE,DT,xgb_gpu,wine,130,13,23.55963135,25.64249843,4.935772687,5.06782,5.54,7.165184259,14195589120,1,0,39,40,40,40
run_38_repetition_5,DONE,DT,xgb_gpu,breast_cancer,569,30,25.23895264,24.17863033,4.076710362,7.48211,3.85,7.188687325,14206967808,0.947368,0,39,39,39,40
run_39_repetition_5,DONE,DT,xgb_gpu,digits,360,64,23.28649902,25.67486257,4.432330446,6.29458,4.7,7.170526505,14201946112,0.958333,0,46,39,39,40
run_40_repetition_5,DONE,KMeans,skl_cpu,iris,100,4,17.07208252,26.73636917,,,,2.084929943,14137569280,1,0,38,39,39,39
run_41_repetition_5,DONE,KMeans,skl_cpu,wine,130,13,17.23779297,26.92328616,,,,2.094498158,14140399616,0.938462,0,38,38,38,39
run_42_repetition_5,DONE,KMeans,skl_cpu,breast_cancer,569,30,23.62585449,31.54040452,,,,2.094101191,14201237504,0.905097,0,37,38,39,39
run_43_repetition_5,DONE,KMeans,skl_cpu,digits,360,64,17.31298828,25.24112836,,,,2.114783764,14220828672,0.994444,0,38,38,38,39
run_44_repetition_5,DONE,KMeans,intelex_cpu,iris,100,4,17.14959717,26.06158083,,,,2.133382797,14210715648,1,0,37,38,38,39
run_45_repetition_5,DONE,KMeans,intelex_cpu,wine,130,13,17.02026367,23.72912032,,,,2.095633745,14223011840,0.938462,0,39,39,39,39
run_46_repetition_5,DONE,KMeans,intelex_cpu,breast_cancer,569,30,17.23956299,25.49413881,,,,2.098692894,14214029312,0.905097,0,37,38,38,39
run_47_repetition_5,DONE,KMeans,intelex_cpu,digits,360,64,17.24731445,25.96655181,,,,2.095659733,14219264000,0.994444,0,39,38,39,39
run_48_repetition_5,DONE,KMeans,tf_gpu,iris,100,4,47.22540283,18.7106396,4.236188349,6.18342,4.536666667,7.171051741,14570967040,1,0,38,38,38,39
run_49_repetition_5,DONE,KMeans,tf_gpu,wine,130,13,46.93304443,20.47477683,4.937112833,7.25431,4.623333333,7.487600088,14571061248,0.938461538,0,38,38,38,39
run_50_repetition_5,DONE,KMeans,tf_gpu,breast_cancer,569,30,47.92773438,19.05934214,4.064033762,11.43692,3.853333333,7.200200796,14572249088,0.912126538,0,38,38,39,39
run_51_repetition_5,DONE,KMeans,tf_gpu,digits,360,64,46.79418945,18.08780223,4.268700203,9.28477,4.636666667,7.170939922,14576492544,0.991666667,0,45,39,38,39
run_0_repetition_6,DONE,LR,skl_cpu,iris,100,4,18.49279785,31.33792253,,,,2.077327967,14238310400,1,0,39,38,38,39
run_1_repetition_6,DONE,LR,skl_cpu,wine,130,13,18.63458252,32.41488109,,,,2.095761776,14245179392,1,0,37,38,37,39
run_2_repetition_6,DONE,LR,skl_cpu,breast_cancer,569,30,18.93762207,32.79258741,,,,2.113385201,14254157824,0.973684,0,44,38,37,38
run_3_repetition_6,DONE,LR,skl_cpu,digits,360,64,18.77252197,31.4223663,,,,2.160709858,14256603136,1,0,43,38,37,38
run_4_repetition_6,DONE,LR,intelex_cpu,iris,100,4,21.68792725,28.61190029,,,,2.071785688,14274551808,1,0,37,37,38,38
run_5_repetition_6,DONE,LR,intelex_cpu,wine,130,13,21.88879395,29.47507095,,,,2.084947586,14285258752,1,0,36,37,38,38
run_6_repetition_6,DONE,LR,intelex_cpu,breast_cancer,569,30,21.97454834,29.41335681,,,,2.066197157,14290554880,0.973684,0,36,37,38,38
run_7_repetition_6,DONE,LR,intelex_cpu,digits,360,64,22.10968018,29.31311152,,,,2.074559212,14314323968,1,0,36,37,37,38
run_8_repetition_6,DONE,LR,trh_gpu,iris,100,4,53.44146729,18.70777746,3.992067876,6.34712,4.236666667,7.152462482,14771900416,1,0,36,37,37,38
run_9_repetition_6,DONE,LR,trh_gpu,wine,130,13,57.74243164,20.55046634,13.81379787,7.23895,13.75666667,7.15707922,14784557056,0.923077,0,37,37,63,39
run_10_repetition_6,DONE,LR,trh_gpu,breast_cancer,569,30,54.82043457,17.48923779,7.775719056,10.97285,7.33,7.213477135,14788653056,0.95614,0,37,38,38,39
run_11_repetition_6,DONE,LR,trh_gpu,digits,360,64,56.50830078,18.64685746,3.99675921,9.15644,3.81,7.180198431,14799929344,1,0,37,38,38,39
run_12_repetition_6,DONE,RR,skl_cpu,iris,100,4,16.67138672,25.40930553,,,,2.085851908,14294663168,0,0.0118,37,38,38,39
run_13_repetition_6,DONE,RR,skl_cpu,wine,130,13,16.51043701,24.78633348,,,,2.091539145,14306643968,0,0.0472,37,38,38,39
run_14_repetition_6,DONE,RR,skl_cpu,breast_cancer,569,30,16.72650146,26.47927163,,,,2.098497629,14332792832,0,0.0621,37,39,38,39
run_15_repetition_6,DONE,RR,skl_cpu,digits,360,64,17.02709961,25.20499595,,,,2.090549231,14341402624,0,0.0096,38,38,38,39
run_16_repetition_6,DONE,RR,intelex_cpu,iris,100,4,19.66229248,22.66241679,,,,2.069353819,14415073280,0,0.0118,39,39,40,40
run_17_repetition_6,DONE,RR,intelex_cpu,wine,130,13,20.13641357,23.66519717,,,,2.096007347,14667366400,0,0.0472,42,42,42,42
run_18_repetition_6,DONE,RR,intelex_cpu,breast_cancer,569,30,19.91424561,23.39181248,,,,2.112658739,14662275072,0,0.0621,38,39,39,40
run_19_repetition_6,DONE,RR,intelex_cpu,digits,360,64,19.95751953,23.37573589,,,,2.065040112,14602661888,0,0.0096,39,39,47,39
run_20_repetition_6,DONE,RR,xgb_gpu,iris,100,4,23.92382812,25.89243305,4.332506089,8.45676,4.726666667,7.159271002,14654812160,0,0.0004,38,39,37,39
run_21_repetition_6,DONE,RR,xgb_gpu,wine,130,13,28.25299072,24.92967638,4.454635788,9.06782,4.813333333,7.192057133,14637211648,0,0.0085,39,39,39,40
run_22_repetition_6,DONE,RR,xgb_gpu,breast_cancer,569,30,29.7645874,23.34301515,5.324073629,12.18493,4.836666667,7.191200256,14638260224,0,0.0393,38,39,40,40
run_23_repetition_6,DONE,RR,xgb_gpu,digits,360,64,25.56933594,23.34147808,4.278513412,10.03721,4.52,7.178771973,14637539328,0,0.0058,38,39,38,40
run_24_repetition_6,DONE,RR,trh_gpu,iris,100,4,57.29602051,16.62285796,4.535676486,8.29108,4.213333333,7.171483517,14925336576,0,0.0119,38,39,39,40
run_25_repetition_6,DONE,RR,trh_gpu,wine,130,13,57.09063721,17.89424524,4.331943955,9.46352,4.07,7.174229622,14924136448,0,0.0478,39,39,40,40
run_26_repetition_6,DONE,RR,trh_gpu,breast_cancer,569,30,57.18127441,17.94812956,4.137509967,12.57685,4.023333333,7.170480013,14917275648,0,0.057,37,39,40,41
run_27_repetition_6,DONE,RR,trh_gpu,digits,360,64,58.61016846,17.50609457,4.688460176,11.03721,4.91,7.192167759,14910185472,0,0.0095,39,39,40,41
run_28_repetition_6,DONE,DT,skl_cpu,iris,100,4,16.78143311,25.77745292,,,,2.104066372,14311751680,1,0,39,39,38,40
run_29_repetition_6,DONE,DT,skl_cpu,wine,130,13,19.20397949,28.23357159,,,,2.124861002,14344441856,0.923077,0,39,39,39,40
run_30_repetition_6,DONE,DT,skl_cpu,breast_cancer,569,30,17.07318115,25.40498521,,,,2.100058317,14333685760,0.912281,0,38,39,39,39
run_31_repetition_6,DONE,DT,skl_cpu,digits,360,64,17.0078125,25.24614892,,,,2.098364592,14332219392,0.972222,0,38,39,38,39
run_32_repetition_6,DONE,DT,xgb_cpu,iris,100,4,22.40551758,23.45065265,,,,2.094404459,14330421248,1,0,37,39,39,40
run_33_repetition_6,DONE,DT,xgb_cpu,wine,130,13,22.43548584,22.71887974,,,,2.171815157,14333566976,1,0,39,39,39,40
run_34_repetition_6,DONE,DT,xgb_cpu,breast_cancer,569,30,23.25952148,24.68754188,,,,2.107197762,14370025472,0.947368,0,38,39,40,40
run_35_repetition_6,DONE,DT,xgb_cpu,digits,360,64,22.44921875,23.49180232,,,,2.071009159,14348845056,0.958333,0,38,39,39,41
run_36_repetition_6,DONE,DT,xgb_gpu,iris,100,4,22.93084717,25.44431312,4.301600485,6.31874,4.496666667,7.17786026,14425911296,1,0,38,39,39,40
run_37_repetition_6,DONE,DT,xgb_gpu,wine,130,13,23.39501953,25.18983659,4.258395915,5.31987,4.06,7.187029362,14450180096,1,0,38,39,39,40
run_38_repetition_6,DONE,DT,xgb_gpu,breast_cancer,569,30,25.68878174,24.58563511,4.033135618,8.48211,4.25,7.174626827,14480801792,0.947368,0,39,40,39,41
run_39_repetition_6,DONE,DT,xgb_gpu,digits,360,64,23.44726563,25.99475121,4.007142129,7.29458,4.086666667,7.177536249,14479216640,0.958333,0,39,39,39,40
run_40_repetition_6,DONE,KMeans,skl_cpu,iris,100,4,17.36138916,26.03460895,,,,2.096527338,14400401408,1,0,38,39,39,40
run_41_repetition_6,DONE,KMeans,skl_cpu,wine,130,13,17.11376953,26.21485094,,,,2.081035852,14396919808,0.938462,0,37,39,47,39
run_42_repetition_6,DONE,KMeans,skl_cpu,breast_cancer,569,30,17.33508301,26.47954616,,,,2.08762455,14397628416,0.905097,0,38,39,39,39
run_43_repetition_6,DONE,KMeans,skl_cpu,digits,360,64,17.26983643,26.34587731,,,,2.074979067,14409809920,0.994444,0,37,39,38,39
run_44_repetition_6,DONE,KMeans,intelex_cpu,iris,100,4,17.19677734,25.62275487,,,,2.111256599,14413914112,1,0,38,39,39,39
run_45_repetition_6,DONE,KMeans,intelex_cpu,wine,130,13,17.05743408,26.52721961,,,,2.06703496,14413074432,0.938462,0,39,39,38,39
run_46_repetition_6,DONE,KMeans,intelex_cpu,breast_cancer,569,30,17.00866699,25.94260962,,,,2.132358313,14410948608,0.905097,0,38,39,38,39
run_47_repetition_6,DONE,KMeans,intelex_cpu,digits,360,64,17.17889404,26.81072576,,,,2.090289354,14415335424,0.994444,0,38,39,37,39
run_48_repetition_6,DONE,KMeans,tf_gpu,iris,100,4,46.86340332,18.37563978,4.066880944,7.18342,3.83,7.19325161,14755438592,1,0,38,39,40,40
run_49_repetition_6,DONE,KMeans,tf_gpu,wine,130,13,47.18841553,18.31123749,4.745598714,7.25431,4.75,7.175707817,14754840576,0.938461538,0,39,39,39,40
run_50_repetition_6,DONE,KMeans,tf_gpu,breast_cancer,569,30,47.00946045,18.68680941,3.914776038,13.43692,3.7,7.151590824,14756438016,0.912126538,0,39,39,40,40
run_51_repetition_6,DONE,KMeans,tf_gpu,digits,360,64,47.28094482,18.38407527,4.126829919,8.28477,4.446666667,7.198957443,14763212800,0.991666667,0,39,39,39,40
run_0_repetition_7,DONE,LR,skl_cpu,iris,100,4,18.71105957,31.96985919,,,,2.091370583,14421987328,1,0,39,39,38,40
run_1_repetition_7,DONE,LR,skl_cpu,wine,130,13,18.74530029,32.26751849,,,,2.109723091,14423965696,1,0,38,39,39,39
run_2_repetition_7,DONE,LR,skl_cpu,breast_cancer,569,30,18.91540527,32.18927895,,,,2.093616009,14427213824,0.973684,0,38,39,39,40
run_3_repetition_7,DONE,LR,skl_cpu,digits,360,64,18.9263916,31.94277466,,,,2.09518075,14433423360,1,0,37,39,38,39
run_4_repetition_7,DONE,LR,intelex_cpu,iris,100,4,21.94787598,29.17936589,,,,2.070899487,14445977600,1,0,38,39,38,39
run_5_repetition_7,DONE,LR,intelex_cpu,wine,130,13,22.01977539,29.75771926,,,,2.07469058,14450348032,1,0,38,39,38,40
run_6_repetition_7,DONE,LR,intelex_cpu,breast_cancer,569,30,22.61865234,30.39894464,,,,2.09339571,14451396608,0.973684,0,39,39,38,39
run_7_repetition_7,DONE,LR,intelex_cpu,digits,360,64,22.10870361,29.16885567,,,,2.069275618,14453137408,1,0,38,39,38,39
run_8_repetition_7,DONE,LR,trh_gpu,iris,100,4,55.18206787,17.44687413,3.97847173,5.34712,4.293333333,7.152142286,14901813248,1,0,45,39,38,40
run_9_repetition_7,DONE,LR,trh_gpu,wine,130,13,53.2611084,18.10053872,4.228989178,6.23895,3.843333333,7.173131466,14903459840,0.961538,0,38,39,40,40
run_10_repetition_7,DONE,LR,trh_gpu,breast_cancer,569,30,55.79437256,17.53530363,4.099615384,10.48267,4.366666667,7.184613943,14904352768,0.973684,0,38,39,39,40
run_11_repetition_7,DONE,LR,trh_gpu,digits,360,64,53.56451416,18.43647986,3.925755057,8.15644,3.746666667,7.165291309,14906535936,1,0,37,39,40,41
run_12_repetition_7,DONE,RR,skl_cpu,iris,100,4,16.64257813,24.96780431,,,,2.095475912,14399926272,0,0.0118,39,39,39,40
run_13_repetition_7,DONE,RR,skl_cpu,wine,130,13,16.67230225,25.24266115,,,,2.089029789,14409924608,0,0.0472,39,39,39,39
run_14_repetition_7,DONE,RR,skl_cpu,breast_cancer,569,30,16.77490234,24.6696262,,,,2.095970631,14414262272,0,0.0621,37,39,38,39
run_15_repetition_7,DONE,RR,skl_cpu,digits,360,64,16.82220459,24.823615,,,,2.093604326,14412955648,0,0.0096,38,39,37,39
run_16_repetition_7,DONE,RR,intelex_cpu,iris,100,4,20.11065674,23.74322867,,,,2.100363016,14427484160,0,0.0118,38,39,38,39
run_17_repetition_7,DONE,RR,intelex_cpu,wine,130,13,19.98339844,23.1975981,,,,2.095823288,14428033024,0,0.0472,38,39,38,39
run_18_repetition_7,DONE,RR,intelex_cpu,breast_cancer,569,30,19.90881348,23.72485694,,,,2.064824104,14435872768,0,0.0621,38,39,38,39
run_19_repetition_7,DONE,RR,intelex_cpu,digits,360,64,19.9241333,23.00000918,,,,2.066029072,14457671680,0,0.0096,38,39,38,39
run_20_repetition_7,DONE,RR,xgb_gpu,iris,100,4,25.03674316,23.00322184,4.926206541,9.46352,4.59,7.203509569,14509080576,0,0.0004,38,39,38,39
run_21_repetition_7,DONE,RR,xgb_gpu,wine,130,13,25.54370117,23.34574601,4.190968742,8.31874,4.52,7.139378309,14496911360,0,0.0085,38,39,39,39
run_22_repetition_7,DONE,RR,xgb_gpu,breast_cancer,569,30,29.88696289,22.99904814,3.977013116,10.06782,3.903333333,7.166780233,14508195840,0,0.0393,37,39,38,40
run_23_repetition_7,DONE,RR,xgb_gpu,digits,360,64,26.23339844,24.23480984,3.798479223,12.48211,3.866666667,7.229727507,14556762112,0,0.0058,38,39,39,40
run_24_repetition_7,DONE,RR,trh_gpu,iris,100,4,57.01409912,17.75207431,3.859577183,9.29458,3.966666667,7.179208994,14942142464,0,0.0119,37,39,40,40
run_25_repetition_7,DONE,RR,trh_gpu,wine,130,13,59.82836914,19.33452909,3.974179238,9.29108,3.726666667,7.198497295,14924189696,0,0.0478,38,39,40,41
run_26_repetition_7,DONE,RR,trh_gpu,breast_cancer,569,30,57.04119873,17.58994785,3.906823758,12.18493,4.16,7.189893723,14925283328,0,0.057,38,39,40,41
run_27_repetition_7,DONE,RR,trh_gpu,digits,360,64,57.29827881,17.89947729,4.04944684,10.03721,3.78,7.167886972,14906941440,0,0.0095,38,39,39,41
run_28_repetition_7,DONE,DT,skl_cpu,iris,100,4,17.09533691,25.83802793,,,,2.114987135,14310031360,1,0,39,39,39,40
run_29_repetition_7,DONE,DT,skl_cpu,wine,130,13,17.06488037,25.02232941,,,,2.094357491,14312656896,0.923077,0,38,39,39,40
run_30_repetition_7,DONE,DT,skl_cpu,breast_cancer,569,30,17.12225342,25.62985362,,,,2.070055008,14317703168,0.912281,0,38,39,38,40
run_31_repetition_7,DONE,DT,skl_cpu,digits,360,64,17.12084961,26.13169944,,,,2.091092348,14316417024,0.972222,0,39,39,38,39
run_32_repetition_7,DONE,DT,xgb_cpu,iris,100,4,22.41088867,23.56232029,,,,2.096383095,14320529408,1,0,38,39,39,40
run_33_repetition_7,DONE,DT,xgb_cpu,wine,130,13,22.41845703,23.39245909,,,,2.095651388,14320848896,1,0,38,39,39,41
run_34_repetition_7,DONE,DT,xgb_cpu,breast_cancer,569,30,23.04772949,29.50057334,,,,2.080003262,14326157312,0.947368,0,38,39,39,41
run_35_repetition_7,DONE,DT,xgb_cpu,digits,360,64,22.64898682,23.78024425,,,,2.069788694,14332669952,0.958333,0,38,39,39,41
run_36_repetition_7,DONE,DT,xgb_gpu,iris,100,4,22.91790771,24.77443363,4.07436415,5.31879,3.883333333,7.207108498,14398590976,1,0,39,39,39,40
run_37_repetition_7,DONE,DT,xgb_gpu,wine,130,13,23.41137695,26.114236,4.204564403,5.06782,4.556666667,7.209336519,14416568320,1,0,37,39,39,40
run_38_repetition_7,DONE,DT,xgb_gpu,breast_cancer,569,30,27.6817627,26.48784882,4.218176745,7.48211,3.976666667,7.173782587,14400446464,0.947368,0,39,39,38,40
run_39_repetition_7,DONE,DT,xgb_gpu,digits,360,64,23.2444458,25.68980984,3.70658602,6.29458,3.903333333,7.251098156,14425362432,0.958333,0,38,39,39,40
run_40_repetition_7,DONE,KMeans,skl_cpu,iris,100,4,17.24163818,25.75845753,,,,2.066053391,14333063168,1,0,38,39,38,40
run_41_repetition_7,DONE,KMeans,skl_cpu,wine,130,13,17.38848877,26.0834281,,,,2.069806814,14331301888,0.938462,0,39,39,39,40
run_42_repetition_7,DONE,KMeans,skl_cpu,breast_cancer,569,30,17.10650635,24.61796576,,,,2.114999533,14331604992,0.905097,0,39,39,38,39
run_43_repetition_7,DONE,KMeans,skl_cpu,digits,360,64,17.4465332,25.82613983,,,,2.114593983,14330953728,0.994444,0,38,39,38,39
run_44_repetition_7,DONE,KMeans,intelex_cpu,iris,100,4,17.41265869,26.12689967,,,,2.073470116,14334423040,1,0,37,39,38,39
run_45_repetition_7,DONE,KMeans,intelex_cpu,wine,130,13,17.25134277,25.58124274,,,,2.44657588,14340526080,0.938462,0,37,39,47,39
run_46_repetition_7,DONE,KMeans,intelex_cpu,breast_cancer,569,30,17.24359131,25.95620702,,,,2.091821671,14349635584,0.905097,0,43,39,38,39
run_47_repetition_7,DONE,KMeans,intelex_cpu,digits,360,64,17.22607422,26.50960905,,,,2.07799983,14351958016,0.994444,0,42,39,38,39
run_48_repetition_7,DONE,KMeans,tf_gpu,iris,100,4,46.88897705,18.22378111,4.508680528,9.47845,4.886666667,7.184242964,14689107968,1,0,39,39,40,40
run_49_repetition_7,DONE,KMeans,tf_gpu,wine,130,13,47.13409424,18.13513856,3.971643647,7.25431,3.783333333,7.189896345,14692589568,0.938461538,0,55,39,39,40
run_50_repetition_7,DONE,KMeans,tf_gpu,breast_cancer,569,30,47.30657959,18.43359461,4.399665968,15.43692,4.613333333,7.188659668,14694903808,0.912126538,0,39,39,39,40
run_51_repetition_7,DONE,KMeans,tf_gpu,digits,360,64,49.8036499,19.55424772,3.947530763,12.18477,3.716666667,7.173017263,14699728896,0.991666667,0,39,39,40,40
run_0_repetition_8,DONE,LR,skl_cpu,iris,100,4,18.76318359,31.73033127,,,,2.090809345,14360608768,1,0,39,39,39,40
run_1_repetition_8,DONE,LR,skl_cpu,wine,130,13,18.87097168,31.7394624,,,,2.074062347,14359654400,1,0,38,39,38,40
run_2_repetition_8,DONE,LR,skl_cpu,breast_cancer,569,30,18.58935547,31.29189579,,,,2.096060753,14362873856,0.973684,0,38,39,38,39
run_3_repetition_8,DONE,LR,skl_cpu,digits,360,64,19.00073242,31.40628817,,,,2.072098017,14362578944,1,0,37,39,38,39
run_4_repetition_8,DONE,LR,intelex_cpu,iris,100,4,21.78393555,29.82847055,,,,2.086180449,14379409408,1,0,39,39,39,39
run_5_repetition_8,DONE,LR,intelex_cpu,wine,130,13,21.50842285,29.66799361,,,,2.098675489,14381084672,1,0,38,39,39,39
run_6_repetition_8,DONE,LR,intelex_cpu,breast_cancer,569,30,22.8604126,30.74678846,,,,2.071256638,14385451008,0.973684,0,38,39,38,39
run_7_repetition_8,DONE,LR,intelex_cpu,digits,360,64,22.12591553,28.9223426,,,,2.093307257,14386548736,1,0,38,39,38,39
run_8_repetition_8,DONE,LR,trh_gpu,iris,100,4,53.64208984,18.52073042,3.965420494,8.15644,3.786666667,7.193464518,14869372928,1,0,37,39,38,40
run_9_repetition_8,DONE,LR,trh_gpu,wine,130,13,56.92156982,18.42384925,6.655223962,6.34712,6.78,7.163172722,14868570112,1,0,39,39,39,41
run_10_repetition_8,DONE,LR,trh_gpu,breast_cancer,569,30,55.05938721,17.49589693,4.380465274,7.23895,4.153333333,7.16750145,14926618624,0.95614,0,39,40,40,41
run_11_repetition_8,DONE,LR,trh_gpu,digits,360,64,55.57684326,17.58035013,4.094175925,10.97285,4.413333333,7.1989007,14812856320,1,0,44,40,39,41
run_12_repetition_8,DONE,RR,skl_cpu,iris,100,4,16.48675537,24.58854745,,9.15644,,2.08772707,14305452032,0,0.0118,38,39,39,40
run_13_repetition_8,DONE,RR,skl_cpu,wine,130,13,16.63861084,24.06076132,,,,2.35672617,14306234368,0,0.0472,39,39,38,40
run_14_repetition_8,DONE,RR,skl_cpu,breast_cancer,569,30,16.73535156,25.40751869,,,,2.109199762,14312251392,0,0.0621,38,39,38,39
run_15_repetition_8,DONE,RR,skl_cpu,digits,360,64,16.80206299,24.81639882,,,,2.098305941,14331420672,0,0.0096,38,39,38,40
run_16_repetition_8,DONE,RR,intelex_cpu,iris,100,4,19.75964355,23.07521283,,,,2.067893267,14328819712,0,0.0118,37,39,39,39
run_17_repetition_8,DONE,RR,intelex_cpu,wine,130,13,20.00897217,23.55988678,,,,2.092383623,14335254528,0,0.0472,38,39,38,39
run_18_repetition_8,DONE,RR,intelex_cpu,breast_cancer,569,30,20.11035156,23.54436355,,,,2.078034639,14342979584,0,0.0621,38,39,38,40
run_19_repetition_8,DONE,RR,intelex_cpu,digits,360,64,20.05975342,21.98606776,,,,2.066259623,14352109568,0,0.0096,37,39,38,39
run_20_repetition_8,DONE,RR,xgb_gpu,iris,100,4,23.91461182,28.40882406,4.144294835,9.46352,4,7.188014507,14405570560,0,0.0004,38,39,38,39
run_21_repetition_8,DONE,RR,xgb_gpu,wine,130,13,24.51226807,25.78004146,7.186187921,8.31874,6.73,7.173504114,14410444800,0,0.0085,43,39,39,40
run_22_repetition_8,DONE,RR,xgb_gpu,breast_cancer,569,30,29.53155518,22.96392035,4.141386251,12.06782,3.886666667,7.187870026,14436499456,0,0.0393,38,39,39,40
run_23_repetition_8,DONE,RR,xgb_gpu,digits,360,64,25.81903076,24.50788437,4.024807357,11.48211,4.313333333,7.173650503,14453407744,0,0.0058,37,39,39,40
run_24_repetition_8,DONE,RR,trh_gpu,iris,100,4,56.80340576,17.53960859,3.84082788,9.29458,3.99,7.203903675,14931288064,0,0.0119,39,39,39,40
run_25_repetition_8,DONE,RR,trh_gpu,wine,130,13,56.88690186,17.39519782,4.585493548,9.29108,4.19,7.148150206,14925291520,0,0.0478,39,39,40,41
run_26_repetition_8,DONE,RR,trh_gpu,breast_cancer,569,30,57.1550293,17.90255464,3.880010026,12.18493,4.123333333,7.173026085,14926098432,0,0.057,38,39,40,41
run_27_repetition_8,DONE,RR,trh_gpu,digits,360,64,57.00866699,17.77308746,4.241513368,10.03721,4.083333333,7.14622426,14924464128,0,0.0095,39,40,47,41
run_28_repetition_8,DONE,DT,skl_cpu,iris,100,4,16.88891602,23.90689909,,,,2.06671977,14342479872,1,0,38,39,39,40
run_29_repetition_8,DONE,DT,skl_cpu,wine,130,13,16.92169189,26.00159008,,,,2.094353676,14329368576,0.923077,0,38,39,38,39
run_30_repetition_8,DONE,DT,skl_cpu,breast_cancer,569,30,17.0824585,25.18301537,,,,2.092926264,14321876992,0.912281,0,38,39,39,39
run_31_repetition_8,DONE,DT,skl_cpu,digits,360,64,16.97344971,25.32635049,,,,2.093480825,14324834304,0.972222,0,37,39,38,40
run_32_repetition_8,DONE,DT,xgb_cpu,iris,100,4,22.3182373,22.69919086,,,,2.117948771,14330335232,1,0,38,39,38,40
run_33_repetition_8,DONE,DT,xgb_cpu,wine,130,13,22.56848145,22.72772413,,,,2.073447704,14341316608,1,0,38,39,39,41
run_34_repetition_8,DONE,DT,xgb_cpu,breast_cancer,569,30,23.26928711,24.92812629,,,,2.087915182,14361673728,0.947368,0,37,39,39,41
run_35_repetition_8,DONE,DT,xgb_cpu,digits,360,64,22.67993164,23.73092742,,,,2.07481885,14336864256,0.958333,0,38,39,39,41
run_36_repetition_8,DONE,DT,xgb_gpu,iris,100,4,23.30523682,25.44654948,3.682922419,4.31874,3.766666667,7.2006042,14428127232,1,0,39,39,38,40
run_37_repetition_8,DONE,DT,xgb_gpu,wine,130,13,23.45123291,25.73387753,4.22498318,5.06782,3.996666667,7.186936378,14407929856,1,0,38,39,39,40
run_38_repetition_8,DONE,DT,xgb_gpu,breast_cancer,569,30,25.57769775,24.08821923,3.677363319,7.48211,3.833333333,7.197653294,14420406272,0.947368,0,39,39,39,40
run_39_repetition_8,DONE,DT,xgb_gpu,digits,360,64,24.72436523,23.36535503,3.905731906,6.29458,3.683333333,7.194455624,14447972352,0.958333,0,38,39,38,40
run_40_repetition_8,DONE,KMeans,skl_cpu,iris,100,4,17.11157227,26.19744453,,,,2.073417664,14357606400,1,0,39,39,38,40
run_41_repetition_8,DONE,KMeans,skl_cpu,wine,130,13,17.13726807,26.38779684,,,,2.071894169,14351876096,0.938462,0,38,39,38,40
run_42_repetition_8,DONE,KMeans,skl_cpu,breast_cancer,569,30,17.43481445,29.8953898,,,,2.113934278,14356873216,0.905097,0,38,39,39,40
run_43_repetition_8,DONE,KMeans,skl_cpu,digits,360,64,17.48400879,25.49138012,,,,2.073434114,14412546048,0.994444,0,40,40,40,40
run_44_repetition_8,DONE,KMeans,intelex_cpu,iris,100,4,17.07440186,25.38201952,,,,2.09146595,14416408576,1,0,38,40,39,40
run_45_repetition_8,DONE,KMeans,intelex_cpu,wine,130,13,17.24694824,26.64215054,,,,2.083825588,14416392192,0.938462,0,38,39,40,40
run_46_repetition_8,DONE,KMeans,intelex_cpu,breast_cancer,569,30,17.46118164,26.60690175,,,,2.089502335,14399205376,0.905097,0,39,39,39,40
run_47_repetition_8,DONE,KMeans,intelex_cpu,digits,360,64,17.56225586,26.71870049,,,,2.089369535,14405255168,0.994444,0,37,39,38,40
run_48_repetition_8,DONE,KMeans,tf_gpu,iris,100,4,47.01080322,18.00409762,4.108937401,8.18342,3.873333333,7.177249908,14750896128,1,0,38,39,40,40
run_49_repetition_8,DONE,KMeans,tf_gpu,wine,130,13,47.04553223,18.22638073,4.999644051,7.48176,5.293333333,7.130322695,14677852160,0.938461538,0,38,39,39,40
run_50_repetition_8,DONE,KMeans,tf_gpu,breast_cancer,569,30,46.85858154,18.4501257,4.788139105,14.43692,4.453333333,7.166196823,14676373504,0.912126538,0,38,39,40,40
run_51_repetition_8,DONE,KMeans,tf_gpu,digits,360,64,47.1270752,17.95728658,4.203497115,9.68446,4.453333333,7.166891813,14678204416,0.991666667,0,38,39,39,41
run_0_repetition_9,DONE,LR,skl_cpu,iris,100,4,18.84051514,31.886532,,,,2.10673666,14352203776,1,0,39,39,39,40
run_1_repetition_9,DONE,LR,skl_cpu,wine,130,13,18.75402832,31.72860608,,,,2.090378523,14349148160,1,0,39,39,39,40
run_2_repetition_9,DONE,LR,skl_cpu,breast_cancer,569,30,18.73724365,31.30692402,,,,2.091412067,14350684160,0.973684,0,38,39,40,40
run_3_repetition_9,DONE,LR,skl_cpu,digits,360,64,20.28796387,35.44140518,,,,2.103644848,14351118336,1,0,39,39,45,40
run_4_repetition_9,DONE,LR,intelex_cpu,iris,100,4,21.89416504,29.15120469,,,,2.096367359,14376042496,1,0,39,39,39,40
run_5_repetition_9,DONE,LR,intelex_cpu,wine,130,13,22.16912842,28.761563,,,,2.088550568,14393724928,1,0,37,39,39,40
run_6_repetition_9,DONE,LR,intelex_cpu,breast_cancer,569,30,24.17596436,34.29040691,,,,2.11557126,14384148480,0.973684,0,39,39,40,40
run_7_repetition_9,DONE,LR,intelex_cpu,digits,360,64,22.18481445,25.42171039,,,,2.093218327,14389387264,1,0,37,39,38,40
run_8_repetition_9,DONE,LR,trh_gpu,iris,100,4,53.50634766,18.20344982,3.967019472,5.34712,3.83,7.183763266,14849490944,1,0,38,39,40,41
run_9_repetition_9,DONE,LR,trh_gpu,wine,130,13,55.53314209,17.54488153,4.171051457,6.23895,4.47,7.19788599,14850744320,0.884615,0,39,39,40,41
run_10_repetition_9,DONE,LR,trh_gpu,breast_cancer,569,30,53.84741211,18.91638295,4.372210053,10.48267,4.043333333,7.157570362,14876913664,0.95614,0,38,40,40,41
run_11_repetition_9,DONE,LR,trh_gpu,digits,360,64,55.18255615,17.32071864,3.978477716,8.15644,4.163333333,7.15956974,14877917184,1,0,39,40,40,41
run_12_repetition_9,DONE,RR,skl_cpu,iris,100,4,16.67938232,25.26360363,,,,2.123873711,14377525248,0,0.0118,38,40,39,40
run_13_repetition_9,DONE,RR,skl_cpu,wine,130,13,16.39123535,25.50016741,,,,2.114352226,14375104512,0,0.0472,38,40,38,40
run_14_repetition_9,DONE,RR,skl_cpu,breast_cancer,569,30,16.48040771,24.63423659,,,,2.127583027,14387187712,0,0.0621,39,39,39,40
run_15_repetition_9,DONE,RR,skl_cpu,digits,360,64,16.72625732,24.8476804,,,,2.073831081,14384095232,0,0.0096,38,39,39,40
run_16_repetition_9,DONE,RR,intelex_cpu,iris,100,4,19.78460693,22.35669055,,,,2.069996834,14410670080,0,0.0118,39,39,38,40
run_17_repetition_9,DONE,RR,intelex_cpu,wine,130,13,19.90313721,23.18101413,,,,2.096210957,14400479232,0,0.0472,38,39,39,40
run_18_repetition_9,DONE,RR,intelex_cpu,breast_cancer,569,30,20.00042725,22.58762091,,,,2.075003624,14413590528,0,0.0621,38,39,39,40
run_19_repetition_9,DONE,RR,intelex_cpu,digits,360,64,19.97747803,22.95531189,,,,2.074385643,14427295744,0,0.0096,38,39,38,40
run_20_repetition_9,DONE,RR,xgb_gpu,iris,100,4,25.47070313,23.62486966,4.420234491,8.31874,4.246666667,7.182452202,14492495872,0,0.0004,39,39,47,40
run_21_repetition_9,DONE,RR,xgb_gpu,wine,130,13,31.89941406,31.64503433,4.191687086,9.06782,4.483333333,7.181781292,14492954624,0,0.0085,38,39,39,40
run_22_repetition_9,DONE,RR,xgb_gpu,breast_cancer,569,30,30.15844727,22.6599714,4.813045163,7.48211,4.566666667,7.181477308,14506045440,0,0.0393,38,39,39,40
run_23_repetition_9,DONE,RR,xgb_gpu,digits,360,64,25.89447021,24.13329179,4.214123563,11.29458,4.52,7.140607834,14514012160,0,0.0058,39,39,39,40
run_24_repetition_9,DONE,RR,trh_gpu,iris,100,4,57.01953125,17.88770832,4.113543953,8.29108,3.836666667,7.171063662,14709379072,0,0.0119,39,40,40,41
run_25_repetition_9,DONE,RR,trh_gpu,wine,130,13,57.02575684,17.48362972,4.366747863,9.46352,4.473333333,7.175207615,14703775744,0,0.0478,38,39,40,41
run_26_repetition_9,DONE,RR,trh_gpu,breast_cancer,569,30,56.84521484,20.12304372,3.968486215,12.57685,3.73,7.178341627,14718840832,0,0.057,38,40,40,41
run_27_repetition_9,DONE,RR,trh_gpu,digits,360,64,59.9140625,19.16716258,4.110650811,11.03721,4.426666667,7.250161171,14716887040,0,0.0095,39,40,39,41
run_28_repetition_9,DONE,DT,skl_cpu,iris,100,4,16.65722656,23.99019192,,,,2.087803841,14118461440,1,0,38,40,39,40
run_29_repetition_9,DONE,DT,skl_cpu,wine,130,13,18.85919189,27.64846154,,,,2.111266851,14137540608,0.923077,0,38,40,39,40
run_30_repetition_9,DONE,DT,skl_cpu,breast_cancer,569,30,16.84472656,24.3358907,,,,2.074675083,14127570944,0.912281,0,39,40,39,40
run_31_repetition_9,DONE,DT,skl_cpu,digits,360,64,16.94055176,25.72544994,,,,2.130096912,14129410048,0.972222,0,42,40,39,40
run_32_repetition_9,DONE,DT,xgb_cpu,iris,100,4,22.27490234,23.28771293,,,,2.097221851,14158331904,1,0,47,40,40,41
run_33_repetition_9,DONE,DT,xgb_cpu,wine,130,13,22.62097168,23.33570166,,,,2.070913792,14142730240,1,0,39,40,40,41
run_34_repetition_9,DONE,DT,xgb_cpu,breast_cancer,569,30,23.32952881,24.73451694,,,,2.090150595,14143967232,0.947368,0,38,40,39,41
run_35_repetition_9,DONE,DT,xgb_cpu,digits,360,64,22.47583008,23.29752102,,,,2.11350441,14145302528,0.958333,0,40,40,40,41
run_36_repetition_9,DONE,DT,xgb_gpu,iris,100,4,23.20758057,24.95341954,4.179234263,4.31874,4.493333333,7.187356234,14202294272,1,0,40,40,39,41
run_37_repetition_9,DONE,DT,xgb_gpu,wine,130,13,24.62414551,23.10130827,6.869821247,5.06782,5.936666667,7.147068024,14219411456,1,0,39,40,40,41
run_38_repetition_9,DONE,DT,xgb_gpu,breast_cancer,569,30,24.15472412,26.59721712,4.891965456,7.48211,5.4,7.214631557,14224248832,0.947368,0,39,40,39,40
run_39_repetition_9,DONE,DT,xgb_gpu,digits,360,64,23.37219238,25.70508821,4.322878051,6.29458,4.016666667,7.201302052,14218133504,0.958333,0,39,40,40,40
run_40_repetition_9,DONE,KMeans,skl_cpu,iris,100,4,17.40240479,26.54442418,,,,2.089817286,14161481728,1,0,41,40,39,40
run_41_repetition_9,DONE,KMeans,skl_cpu,wine,130,13,17.36047363,25.59328,,,,2.106105566,14153863168,0.938462,0,39,40,39,40
run_42_repetition_9,DONE,KMeans,skl_cpu,breast_cancer,569,30,17.36303711,26.11187394,,,,2.06621027,14157320192,0.905097,0,38,40,38,40
run_43_repetition_9,DONE,KMeans,skl_cpu,digits,360,64,17.39105225,25.36854972,,,,2.110749245,14159745024,0.994444,0,37,39,39,40
run_44_repetition_9,DONE,KMeans,intelex_cpu,iris,100,4,17.10253906,27.30227429,,,,2.090943098,14162161664,1,0,40,40,39,40
run_45_repetition_9,DONE,KMeans,intelex_cpu,wine,130,13,17.05645752,26.67712706,,,,2.469040632,14160912384,0.938462,0,38,39,39,40
run_46_repetition_9,DONE,KMeans,intelex_cpu,breast_cancer,569,30,17.52630615,26.36022369,,,,2.072119236,14197850112,0.905097,0,39,40,38,40
run_47_repetition_9,DONE,KMeans,intelex_cpu,digits,360,64,17.45397949,25.5911529,,,,2.093535423,14192205824,0.994444,0,37,39,39,39
run_48_repetition_9,DONE,KMeans,tf_gpu,iris,100,4,47.10046387,18.33610307,11.21715263,6.98454,10.63333333,7.163677454,14526586880,1,0,37,39,39,41
run_49_repetition_9,DONE,KMeans,tf_gpu,wine,130,13,47.11401367,18.25005558,3.979113383,8.25431,3.96,7.150108337,14514409472,0.938461538,0,38,39,40,41
run_50_repetition_9,DONE,KMeans,tf_gpu,breast_cancer,569,30,47.67120361,17.97949442,4.231707089,13.79685,3.986666667,7.207990646,14516154368,0.912126538,0,38,39,40,41
run_51_repetition_9,DONE,KMeans,tf_gpu,digits,360,64,47.43145752,18.26163586,3.966873208,10.28477,3.776666667,7.18522501,14517481472,0.991666667,0,38,40,39,41
run_0_repetition_10,DONE,LR,skl_cpu,iris,100,4,18.68603516,31.89127708,,,,2.099057198,14753169408,1,0,40,42,84,42
run_1_repetition_10,DONE,LR,skl_cpu,wine,130,13,18.74926758,32.09481192,,,,2.088058949,14515105792,1,0,38,40,40,41
run_2_repetition_10,DONE,LR,skl_cpu,breast_cancer,569,30,18.81689453,32.12001042,,,,2.08620739,14505639936,0.973684,0,39,40,39,40
run_3_repetition_10,DONE,LR,skl_cpu,digits,360,64,18.71325684,32.70569478,,,,2.092780828,14489866240,1,0,39,40,39,40
run_4_repetition_10,DONE,LR,intelex_cpu,iris,100,4,21.73272705,28.10290339,,,,2.092662334,14503424000,1,0,39,39,39,40
run_5_repetition_10,DONE,LR,intelex_cpu,wine,130,13,21.75854492,29.33455934,,,,2.089181185,14497943552,1,0,39,39,39,40
run_6_repetition_10,DONE,LR,intelex_cpu,breast_cancer,569,30,25.88494873,31.6304621,,,,2.093066454,14661345280,0.973684,0,40,41,41,41
run_7_repetition_10,DONE,LR,intelex_cpu,digits,360,64,22.03491211,28.80827285,,,,2.095623493,14586232832,1,0,39,40,39,40
run_8_repetition_10,DONE,LR,trh_gpu,iris,100,4,55.40032959,17.30476956,3.438800915,5.34712,3.503333333,7.217731237,14881263616,1,0,39,39,40,41
run_9_repetition_10,DONE,LR,trh_gpu,wine,130,13,53.12042236,17.71656653,3.561596284,6.23895,3.54,7.183105469,14886203392,0.961538,0,39,40,40,41
run_10_repetition_10,DONE,LR,trh_gpu,breast_cancer,569,30,61.69274902,24.02939648,5.116802379,10.48267,5.26,7.153787613,14887358464,0.964912,0,48,41,41,42
run_11_repetition_10,DONE,LR,trh_gpu,digits,360,64,55.4697876,16.66727999,3.851162448,8.15644,3.603333333,7.212123871,14887661568,1,0,41,41,42,43
run_12_repetition_10,DONE,RR,skl_cpu,iris,100,4,16.74975586,25.11881196,,7.29108,,2.090438604,14351466496,0,0.0118,42,41,39,41
run_13_repetition_10,DONE,RR,skl_cpu,wine,130,13,16.81512451,25.17416923,,8.46352,,2.093057871,14364065792,0,0.0472,40,40,40,41
run_14_repetition_10,DONE,RR,skl_cpu,breast_cancer,569,30,17.1505127,25.20648148,,12.18493,,2.091545343,14362189824,0,0.0621,39,40,39,40
run_15_repetition_10,DONE,RR,skl_cpu,digits,360,64,16.39892578,23.84861002,,10.03721,,2.117912769,14363754496,0,0.0096,39,40,40,40
run_16_repetition_10,DONE,RR,intelex_cpu,iris,100,4,19.91741943,23.36963849,,5.21284,,2.072766304,14351646720,0,0.0118,39,40,40,40
run_17_repetition_10,DONE,RR,intelex_cpu,wine,130,13,23.73327637,31.55570515,,6.17439,,2.077714205,14419464192,0,0.0472,41,40,40,41
run_18_repetition_10,DONE,RR,intelex_cpu,breast_cancer,569,30,22.04736328,27.36228515,,9.85627,,2.071047544,14605709312,0,0.0621,41,41,42,42
run_19_repetition_10,DONE,RR,intelex_cpu,digits,360,64,22.62969971,29.29018344,,8.04916,,2.076392889,14929846272,0,0.0096,59,44,45,45
run_20_repetition_10,DONE,RR,xgb_gpu,iris,100,4,25.47784424,23.19045807,4.832037826,8.31874,5.22,7.189097643,14645383168,0,0.0004,41,42,40,43
run_21_repetition_10,DONE,RR,xgb_gpu,wine,130,13,29.99890137,32.80825778,4.901691145,9.06782,5.133333333,7.147895575,14652661760,0,0.0085,41,42,41,42
run_22_repetition_10,DONE,RR,xgb_gpu,breast_cancer,569,30,29.72741699,22.91221687,3.793706151,7.48211,3.593333333,7.207204103,14622609408,0,0.0393,40,41,41,41
run_23_repetition_10,DONE,RR,xgb_gpu,digits,360,64,26.04748535,23.83471825,3.980830359,11.29458,4.143333333,7.193321705,14632935424,0,0.0058,55,41,41,41
run_24_repetition_10,DONE,RR,trh_gpu,iris,100,4,57.03564453,18.29202411,4.739118112,8.29108,4.553333333,7.153989077,14932361216,0,0.0119,40,40,41,42
run_25_repetition_10,DONE,RR,trh_gpu,wine,130,13,57.18737793,18.01546276,3.950584639,9.46352,4.233333333,7.198229313,14878949376,0,0.0478,39,41,41,42
run_26_repetition_10,DONE,RR,trh_gpu,breast_cancer,569,30,57.04382324,18.03460522,4.089022853,12.18493,3.836666667,7.189220428,14890942464,0,0.057,40,41,41,42
run_27_repetition_10,DONE,RR,trh_gpu,digits,360,64,57.48028564,17.99589554,4.375298523,10.03721,4.69,7.162756443,14900109312,0,0.0095,40,41,41,42
run_28_repetition_10,DONE,DT,skl_cpu,iris,100,4,17.42749023,25.83703979,,,,2.092107058,14286245888,1,0,40,40,41,41
run_29_repetition_10,DONE,DT,skl_cpu,wine,130,13,16.98468018,25.93176428,,,,2.100486994,14298615808,0.923077,0,40,40,40,41
run_30_repetition_10,DONE,DT,skl_cpu,breast_cancer,569,30,16.76928711,25.56304709,,,,2.110597849,14298550272,0.912281,0,39,40,40,41
run_31_repetition_10,DONE,DT,skl_cpu,digits,360,64,16.75982666,25.49434152,,,,2.087913752,14299201536,0.972222,0,39,40,40,40
run_32_repetition_10,DONE,DT,xgb_cpu,iris,100,4,22.3538208,23.15058928,,,,2.070784569,14321598464,1,0,40,40,40,41
run_33_repetition_10,DONE,DT,xgb_cpu,wine,130,13,22.28344727,23.17188196,,,,2.062018871,14321623040,1,0,40,40,40,42
run_34_repetition_10,DONE,DT,xgb_cpu,breast_cancer,569,30,31.95776367,33.52588887,,,,2.106339455,14383480832,0.947368,0,41,40,43,42
run_35_repetition_10,DONE,DT,xgb_cpu,digits,360,64,22.8762207,24.75218289,,,,2.069823742,14130446336,0.958333,0,49,41,40,42
run_36_repetition_10,DONE,DT,xgb_gpu,iris,100,4,27.47949219,28.30005171,5.356853324,4.31874,5.456666667,7.181522846,14211801088,1,0,39,40,39,41
run_37_repetition_10,DONE,DT,xgb_gpu,wine,130,13,23.55963135,25.64249843,4.935772687,5.06782,5.54,7.165184259,14195589120,1,0,39,40,40,40
run_38_repetition_10,DONE,DT,xgb_gpu,breast_cancer,569,30,25.23895264,24.17863033,4.076710362,7.48211,3.85,7.188687325,14206967808,0.947368,0,39,39,39,40
run_39_repetition_10,DONE,DT,xgb_gpu,digits,360,64,23.28649902,25.67486257,4.432330446,6.29458,4.7,7.170526505,14201946112,0.958333,0,46,39,39,40
run_40_repetition_10,DONE,KMeans,skl_cpu,iris,100,4,17.07208252,26.73636917,,,,2.084929943,14137569280,1,0,38,39,39,39
run_41_repetition_10,DONE,KMeans,skl_cpu,wine,130,13,17.23779297,26.92328616,,,,2.094498158,14140399616,0.938462,0,38,38,38,39
run_42_repetition_10,DONE,KMeans,skl_cpu,breast_cancer,569,30,23.62585449,31.54040452,,,,2.094101191,14201237504,0.905097,0,37,38,39,39
run_43_repetition_10,DONE,KMeans,skl_cpu,digits,360,64,17.31298828,25.24112836,,,,2.114783764,14220828672,0.994444,0,38,38,38,39
run_44_repetition_10,DONE,KMeans,intelex_cpu,iris,100,4,17.14959717,26.06158083,,,,2.133382797,14210715648,1,0,37,38,38,39
run_45_repetition_10,DONE,KMeans,intelex_cpu,wine,130,13,17.02026367,23.72912032,,,,2.095633745,14223011840,0.938462,0,39,39,39,39
run_46_repetition_10,DONE,KMeans,intelex_cpu,breast_cancer,569,30,17.23956299,25.49413881,,,,2.098692894,14214029312,0.905097,0,37,38,38,39
run_47_repetition_10,DONE,KMeans,intelex_cpu,digits,360,64,17.24731445,25.96655181,,,,2.095659733,14219264000,0.994444,0,39,38,39,39
run_48_repetition_10,DONE,KMeans,tf_gpu,iris,100,4,47.22540283,18.7106396,4.236188349,6.18342,4.536666667,7.171051741,14570967040,1,0,38,38,38,39
run_49_repetition_10,DONE,KMeans,tf_gpu,wine,130,13,46.93304443,20.47477683,4.937112833,7.25431,4.623333333,7.487600088,14571061248,0.938461538,0,38,38,38,39
run_50_repetition_10,DONE,KMeans,tf_gpu,breast_cancer,569,30,47.92773438,19.05934214,4.064033762,11.43692,3.853333333,7.200200796,14572249088,0.912126538,0,38,38,39,39
run_51_repetition_10,DONE,KMeans,tf_gpu,digits,360,64,46.79418945,18.08780223,4.268700203,9.28477,4.636666667,7.170939922,14576492544,0.991666667,0,45,39,38,39
run_0_repetition_11,DONE,LR,skl_cpu,iris,100,4,18.49279785,31.33792253,,,,2.077327967,14238310400,1,0,39,38,38,39
run_1_repetition_11,DONE,LR,skl_cpu,wine,130,13,18.63458252,32.41488109,,,,2.095761776,14245179392,1,0,37,38,37,39
run_2_repetition_11,DONE,LR,skl_cpu,breast_cancer,569,30,18.93762207,32.79258741,,,,2.113385201,14254157824,0.973684,0,44,38,37,38
run_3_repetition_11,DONE,LR,skl_cpu,digits,360,64,18.77252197,31.4223663,,,,2.160709858,14256603136,1,0,43,38,37,38
run_4_repetition_11,DONE,LR,intelex_cpu,iris,100,4,21.68792725,28.61190029,,,,2.071785688,14274551808,1,0,37,37,38,38
run_5_repetition_11,DONE,LR,intelex_cpu,wine,130,13,21.88879395,29.47507095,,,,2.084947586,14285258752,1,0,36,37,38,38
run_6_repetition_11,DONE,LR,intelex_cpu,breast_cancer,569,30,21.97454834,29.41335681,,,,2.066197157,14290554880,0.973684,0,36,37,38,38
run_7_repetition_11,DONE,LR,intelex_cpu,digits,360,64,22.10968018,29.31311152,,,,2.074559212,14314323968,1,0,36,37,37,38
run_8_repetition_11,DONE,LR,trh_gpu,iris,100,4,53.44146729,18.70777746,3.992067876,6.34712,4.236666667,7.152462482,14771900416,1,0,36,37,37,38
run_9_repetition_11,DONE,LR,trh_gpu,wine,130,13,57.74243164,20.55046634,13.81379787,7.23895,13.75666667,7.15707922,14784557056,0.923077,0,37,37,63,39
run_10_repetition_11,DONE,LR,trh_gpu,breast_cancer,569,30,54.82043457,17.48923779,7.775719056,10.97285,7.33,7.213477135,14788653056,0.95614,0,37,38,38,39
run_11_repetition_11,DONE,LR,trh_gpu,digits,360,64,56.50830078,18.64685746,3.99675921,9.15644,3.81,7.180198431,14799929344,1,0,37,38,38,39
run_12_repetition_11,DONE,RR,skl_cpu,iris,100,4,16.67138672,25.40930553,,,,2.085851908,14294663168,0,0.0118,37,38,38,39
run_13_repetition_11,DONE,RR,skl_cpu,wine,130,13,16.51043701,24.78633348,,,,2.091539145,14306643968,0,0.0472,37,38,38,39
run_14_repetition_11,DONE,RR,skl_cpu,breast_cancer,569,30,16.72650146,26.47927163,,,,2.098497629,14332792832,0,0.0621,37,39,38,39
run_15_repetition_11,DONE,RR,skl_cpu,digits,360,64,17.02709961,25.20499595,,,,2.090549231,14341402624,0,0.0096,38,38,38,39
run_16_repetition_11,DONE,RR,intelex_cpu,iris,100,4,19.66229248,22.66241679,,,,2.069353819,14415073280,0,0.0118,39,39,40,40
run_17_repetition_11,DONE,RR,intelex_cpu,wine,130,13,20.13641357,23.66519717,,,,2.096007347,14667366400,0,0.0472,42,42,42,42
run_18_repetition_11,DONE,RR,intelex_cpu,breast_cancer,569,30,19.91424561,23.39181248,,,,2.112658739,14662275072,0,0.0621,38,39,39,40
run_19_repetition_11,DONE,RR,intelex_cpu,digits,360,64,19.95751953,23.37573589,,,,2.065040112,14602661888,0,0.0096,39,39,47,39
run_20_repetition_11,DONE,RR,xgb_gpu,iris,100,4,23.92382812,25.89243305,4.332506089,8.45676,4.726666667,7.159271002,14654812160,0,0.0004,38,39,37,39
run_21_repetition_11,DONE,RR,xgb_gpu,wine,130,13,28.25299072,24.92967638,4.454635788,9.06782,4.813333333,7.192057133,14637211648,0,0.0085,39,39,39,40
run_22_repetition_11,DONE,RR,xgb_gpu,breast_cancer,569,30,29.7645874,23.34301515,5.324073629,12.18493,4.836666667,7.191200256,14638260224,0,0.0393,38,39,40,40
run_23_repetition_11,DONE,RR,xgb_gpu,digits,360,64,25.56933594,23.34147808,4.278513412,10.03721,4.52,7.178771973,14637539328,0,0.0058,38,39,38,40
run_24_repetition_11,DONE,RR,trh_gpu,iris,100,4,57.29602051,16.62285796,4.535676486,8.29108,4.213333333,7.171483517,14925336576,0,0.0119,38,39,39,40
run_25_repetition_11,DONE,RR,trh_gpu,wine,130,13,57.09063721,17.89424524,4.331943955,9.46352,4.07,7.174229622,14924136448,0,0.0478,39,39,40,40
run_26_repetition_11,DONE,RR,trh_gpu,breast_cancer,569,30,57.18127441,17.94812956,4.137509967,12.57685,4.023333333,7.170480013,14917275648,0,0.057,37,39,40,41
run_27_repetition_11,DONE,RR,trh_gpu,digits,360,64,58.61016846,17.50609457,4.688460176,11.03721,4.91,7.192167759,14910185472,0,0.0095,39,39,40,41
run_28_repetition_11,DONE,DT,skl_cpu,iris,100,4,16.78143311,25.77745292,,,,2.104066372,14311751680,1,0,39,39,38,40
run_29_repetition_11,DONE,DT,skl_cpu,wine,130,13,19.20397949,28.23357159,,,,2.124861002,14344441856,0.923077,0,39,39,39,40
run_30_repetition_11,DONE,DT,skl_cpu,breast_cancer,569,30,17.07318115,25.40498521,,,,2.100058317,14333685760,0.912281,0,38,39,39,39
run_31_repetition_11,DONE,DT,skl_cpu,digits,360,64,17.0078125,25.24614892,,,,2.098364592,14332219392,0.972222,0,38,39,38,39
run_32_repetition_11,DONE,DT,xgb_cpu,iris,100,4,22.40551758,23.45065265,,,,2.094404459,14330421248,1,0,37,39,39,40
run_33_repetition_11,DONE,DT,xgb_cpu,wine,130,13,22.43548584,22.71887974,,,,2.171815157,14333566976,1,0,39,39,39,40
run_34_repetition_11,DONE,DT,xgb_cpu,breast_cancer,569,30,23.25952148,24.68754188,,,,2.107197762,14370025472,0.947368,0,38,39,40,40
run_35_repetition_11,DONE,DT,xgb_cpu,digits,360,64,22.44921875,23.49180232,,,,2.071009159,14348845056,0.958333,0,38,39,39,41
run_36_repetition_11,DONE,DT,xgb_gpu,iris,100,4,22.93084717,25.44431312,4.301600485,6.31874,4.496666667,7.17786026,14425911296,1,0,38,39,39,40
run_37_repetition_11,DONE,DT,xgb_gpu,wine,130,13,23.39501953,25.18983659,4.258395915,5.31987,4.06,7.187029362,14450180096,1,0,38,39,39,40
run_38_repetition_11,DONE,DT,xgb_gpu,breast_cancer,569,30,25.68878174,24.58563511,4.033135618,8.48211,4.25,7.174626827,14480801792,0.947368,0,39,40,39,41
run_39_repetition_11,DONE,DT,xgb_gpu,digits,360,64,23.44726563,25.99475121,4.007142129,7.29458,4.086666667,7.177536249,14479216640,0.958333,0,39,39,39,40
run_40_repetition_11,DONE,KMeans,skl_cpu,iris,100,4,17.36138916,26.03460895,,,,2.096527338,14400401408,1,0,38,39,39,40
run_41_repetition_11,DONE,KMeans,skl_cpu,wine,130,13,17.11376953,26.21485094,,,,2.081035852,14396919808,0.938462,0,37,39,47,39
run_42_repetition_11,DONE,KMeans,skl_cpu,breast_cancer,569,30,17.33508301,26.47954616,,,,2.08762455,14397628416,0.905097,0,38,39,39,39
run_43_repetition_11,DONE,KMeans,skl_cpu,digits,360,64,17.26983643,26.34587731,,,,2.074979067,14409809920,0.994444,0,37,39,38,39
run_44_repetition_11,DONE,KMeans,intelex_cpu,iris,100,4,17.19677734,25.62275487,,,,2.111256599,14413914112,1,0,38,39,39,39
run_45_repetition_11,DONE,KMeans,intelex_cpu,wine,130,13,17.05743408,26.52721961,,,,2.06703496,14413074432,0.938462,0,39,39,38,39
run_46_repetition_11,DONE,KMeans,intelex_cpu,breast_cancer,569,30,17.00866699,25.94260962,,,,2.132358313,14410948608,0.905097,0,38,39,38,39
run_47_repetition_11,DONE,KMeans,intelex_cpu,digits,360,64,17.17889404,26.81072576,,,,2.090289354,14415335424,0.994444,0,38,39,37,39
run_48_repetition_11,DONE,KMeans,tf_gpu,iris,100,4,46.86340332,18.37563978,4.066880944,7.18342,3.83,7.19325161,14755438592,1,0,38,39,40,40
run_49_repetition_11,DONE,KMeans,tf_gpu,wine,130,13,47.18841553,18.31123749,4.745598714,7.25431,4.75,7.175707817,14754840576,0.938461538,0,39,39,39,40
run_50_repetition_11,DONE,KMeans,tf_gpu,breast_cancer,569,30,47.00946045,18.68680941,3.914776038,13.43692,3.7,7.151590824,14756438016,0.912126538,0,39,39,40,40
run_51_repetition_11,DONE,KMeans,tf_gpu,digits,360,64,47.28094482,18.38407527,4.126829919,8.28477,4.446666667,7.198957443,14763212800,0.991666667,0,39,39,39,40
run_0_repetition_12,DONE,LR,skl_cpu,iris,100,4,18.71105957,31.96985919,,,,2.091370583,14421987328,1,0,39,39,38,40
run_1_repetition_12,DONE,LR,skl_cpu,wine,130,13,18.74530029,32.26751849,,,,2.109723091,14423965696,1,0,38,39,39,39
run_2_repetition_12,DONE,LR,skl_cpu,breast_cancer,569,30,18.91540527,32.18927895,,,,2.093616009,14427213824,0.973684,0,38,39,39,40
run_3_repetition_12,DONE,LR,skl_cpu,digits,360,64,18.9263916,31.94277466,,,,2.09518075,14433423360,1,0,37,39,38,39
run_4_repetition_12,DONE,LR,intelex_cpu,iris,100,4,21.94787598,29.17936589,,,,2.070899487,14445977600,1,0,38,39,38,39
run_5_repetition_12,DONE,LR,intelex_cpu,wine,130,13,22.01977539,29.75771926,,,,2.07469058,14450348032,1,0,38,39,38,40
run_6_repetition_12,DONE,LR,intelex_cpu,breast_cancer,569,30,22.61865234,30.39894464,,,,2.09339571,14451396608,0.973684,0,39,39,38,39
run_7_repetition_12,DONE,LR,intelex_cpu,digits,360,64,22.10870361,29.16885567,,,,2.069275618,14453137408,1,0,38,39,38,39
run_8_repetition_12,DONE,LR,trh_gpu,iris,100,4,55.18206787,17.44687413,3.97847173,5.34712,4.293333333,7.152142286,14901813248,1,0,45,39,38,40
run_9_repetition_12,DONE,LR,trh_gpu,wine,130,13,53.2611084,18.10053872,4.228989178,6.23895,3.843333333,7.173131466,14903459840,0.961538,0,38,39,40,40
run_10_repetition_12,DONE,LR,trh_gpu,breast_cancer,569,30,55.79437256,17.53530363,4.099615384,10.48267,4.366666667,7.184613943,14904352768,0.973684,0,38,39,39,40
run_11_repetition_12,DONE,LR,trh_gpu,digits,360,64,53.56451416,18.43647986,3.925755057,8.15644,3.746666667,7.165291309,14906535936,1,0,37,39,40,41
run_12_repetition_12,DONE,RR,skl_cpu,iris,100,4,16.64257813,24.96780431,,,,2.095475912,14399926272,0,0.0118,39,39,39,40
run_13_repetition_12,DONE,RR,skl_cpu,wine,130,13,16.67230225,25.24266115,,,,2.089029789,14409924608,0,0.0472,39,39,39,39
run_14_repetition_12,DONE,RR,skl_cpu,breast_cancer,569,30,16.77490234,24.6696262,,,,2.095970631,14414262272,0,0.0621,37,39,38,39
run_15_repetition_12,DONE,RR,skl_cpu,digits,360,64,16.82220459,24.823615,,,,2.093604326,14412955648,0,0.0096,38,39,37,39
run_16_repetition_12,DONE,RR,intelex_cpu,iris,100,4,20.11065674,23.74322867,,,,2.100363016,14427484160,0,0.0118,38,39,38,39
run_17_repetition_12,DONE,RR,intelex_cpu,wine,130,13,19.98339844,23.1975981,,,,2.095823288,14428033024,0,0.0472,38,39,38,39
run_18_repetition_12,DONE,RR,intelex_cpu,breast_cancer,569,30,19.90881348,23.72485694,,,,2.064824104,14435872768,0,0.0621,38,39,38,39
run_19_repetition_12,DONE,RR,intelex_cpu,digits,360,64,19.9241333,23.00000918,,,,2.066029072,14457671680,0,0.0096,38,39,38,39
run_20_repetition_12,DONE,RR,xgb_gpu,iris,100,4,25.03674316,23.00322184,4.926206541,9.46352,4.59,7.203509569,14509080576,0,0.0004,38,39,38,39
run_21_repetition_12,DONE,RR,xgb_gpu,wine,130,13,25.54370117,23.34574601,4.190968742,8.31874,4.52,7.139378309,14496911360,0,0.0085,38,39,39,39
run_22_repetition_12,DONE,RR,xgb_gpu,breast_cancer,569,30,29.88696289,22.99904814,3.977013116,10.06782,3.903333333,7.166780233,14508195840,0,0.0393,37,39,38,40
run_23_repetition_12,DONE,RR,xgb_gpu,digits,360,64,26.23339844,24.23480984,3.798479223,12.48211,3.866666667,7.229727507,14556762112,0,0.0058,38,39,39,40
run_24_repetition_12,DONE,RR,trh_gpu,iris,100,4,57.01409912,17.75207431,3.859577183,9.29458,3.966666667,7.179208994,14942142464,0,0.0119,37,39,40,40
run_25_repetition_12,DONE,RR,trh_gpu,wine,130,13,59.82836914,19.33452909,3.974179238,9.29108,3.726666667,7.198497295,14924189696,0,0.0478,38,39,40,41
run_26_repetition_12,DONE,RR,trh_gpu,breast_cancer,569,30,57.04119873,17.58994785,3.906823758,12.18493,4.16,7.189893723,14925283328,0,0.057,38,39,40,41
run_27_repetition_12,DONE,RR,trh_gpu,digits,360,64,57.29827881,17.89947729,4.04944684,10.03721,3.78,7.167886972,14906941440,0,0.0095,38,39,39,41
run_28_repetition_12,DONE,DT,skl_cpu,iris,100,4,17.09533691,25.83802793,,,,2.114987135,14310031360,1,0,39,39,39,40
run_29_repetition_12,DONE,DT,skl_cpu,wine,130,13,17.06488037,25.02232941,,,,2.094357491,14312656896,0.923077,0,38,39,39,40
run_30_repetition_12,DONE,DT,skl_cpu,breast_cancer,569,30,17.12225342,25.62985362,,,,2.070055008,14317703168,0.912281,0,38,39,38,40
run_31_repetition_12,DONE,DT,skl_cpu,digits,360,64,17.12084961,26.13169944,,,,2.091092348,14316417024,0.972222,0,39,39,38,39
run_32_repetition_12,DONE,DT,xgb_cpu,iris,100,4,22.41088867,23.56232029,,,,2.096383095,14320529408,1,0,38,39,39,40
run_33_repetition_12,DONE,DT,xgb_cpu,wine,130,13,22.41845703,23.39245909,,,,2.095651388,14320848896,1,0,38,39,39,41
run_34_repetition_12,DONE,DT,xgb_cpu,breast_cancer,569,30,23.04772949,29.50057334,,,,2.080003262,14326157312,0.947368,0,38,39,39,41
run_35_repetition_12,DONE,DT,xgb_cpu,digits,360,64,22.64898682,23.78024425,,,,2.069788694,14332669952,0.958333,0,38,39,39,41
run_36_repetition_12,DONE,DT,xgb_gpu,iris,100,4,22.91790771,24.77443363,4.07436415,5.31879,3.883333333,7.207108498,14398590976,1,0,39,39,39,40
run_37_repetition_12,DONE,DT,xgb_gpu,wine,130,13,23.41137695,26.114236,4.204564403,5.06782,4.556666667,7.209336519,14416568320,1,0,37,39,39,40
run_38_repetition_12,DONE,DT,xgb_gpu,breast_cancer,569,30,27.6817627,26.48784882,4.218176745,7.48211,3.976666667,7.173782587,14400446464,0.947368,0,39,39,38,40
run_39_repetition_12,DONE,DT,xgb_gpu,digits,360,64,23.2444458,25.68980984,3.70658602,6.29458,3.903333333,7.251098156,14425362432,0.958333,0,38,39,39,40
run_40_repetition_12,DONE,KMeans,skl_cpu,iris,100,4,17.24163818,25.75845753,,,,2.066053391,14333063168,1,0,38,39,38,40
run_41_repetition_12,DONE,KMeans,skl_cpu,wine,130,13,17.38848877,26.0834281,,,,2.069806814,14331301888,0.938462,0,39,39,39,40
run_42_repetition_12,DONE,KMeans,skl_cpu,breast_cancer,569,30,17.10650635,24.61796576,,,,2.114999533,14331604992,0.905097,0,39,39,38,39
run_43_repetition_12,DONE,KMeans,skl_cpu,digits,360,64,17.4465332,25.82613983,,,,2.114593983,14330953728,0.994444,0,38,39,38,39
run_44_repetition_12,DONE,KMeans,intelex_cpu,iris,100,4,17.41265869,26.12689967,,,,2.073470116,14334423040,1,0,37,39,38,39
run_45_repetition_12,DONE,KMeans,intelex_cpu,wine,130,13,17.25134277,25.58124274,,,,2.44657588,14340526080,0.938462,0,37,39,47,39
run_46_repetition_12,DONE,KMeans,intelex_cpu,breast_cancer,569,30,17.24359131,25.95620702,,,,2.091821671,14349635584,0.905097,0,43,39,38,39
run_47_repetition_12,DONE,KMeans,intelex_cpu,digits,360,64,17.22607422,26.50960905,,,,2.07799983,14351958016,0.994444,0,42,39,38,39
run_48_repetition_12,DONE,KMeans,tf_gpu,iris,100,4,46.88897705,18.22378111,4.508680528,9.47845,4.886666667,7.184242964,14689107968,1,0,39,39,40,40
run_49_repetition_12,DONE,KMeans,tf_gpu,wine,130,13,47.13409424,18.13513856,3.971643647,7.25431,3.783333333,7.189896345,14692589568,0.938461538,0,55,39,39,40
run_50_repetition_12,DONE,KMeans,tf_gpu,breast_cancer,569,30,47.30657959,18.43359461,4.399665968,15.43692,4.613333333,7.188659668,14694903808,0.912126538,0,39,39,39,40
run_51_repetition_12,DONE,KMeans,tf_gpu,digits,360,64,49.8036499,19.55424772,3.947530763,12.18477,3.716666667,7.173017263,14699728896,0.991666667,0,39,39,40,40
run_0_repetition_13,DONE,LR,skl_cpu,iris,100,4,18.76318359,31.73033127,,,,2.090809345,14360608768,1,0,39,39,39,40
run_1_repetition_13,DONE,LR,skl_cpu,wine,130,13,18.87097168,31.7394624,,,,2.074062347,14359654400,1,0,38,39,38,40
run_2_repetition_13,DONE,LR,skl_cpu,breast_cancer,569,30,18.58935547,31.29189579,,,,2.096060753,14362873856,0.973684,0,38,39,38,39
run_3_repetition_13,DONE,LR,skl_cpu,digits,360,64,19.00073242,31.40628817,,,,2.072098017,14362578944,1,0,37,39,38,39
run_4_repetition_13,DONE,LR,intelex_cpu,iris,100,4,21.78393555,29.82847055,,,,2.086180449,14379409408,1,0,39,39,39,39
run_5_repetition_13,DONE,LR,intelex_cpu,wine,130,13,21.50842285,29.66799361,,,,2.098675489,14381084672,1,0,38,39,39,39
run_6_repetition_13,DONE,LR,intelex_cpu,breast_cancer,569,30,22.8604126,30.74678846,,,,2.071256638,14385451008,0.973684,0,38,39,38,39
run_7_repetition_13,DONE,LR,intelex_cpu,digits,360,64,22.12591553,28.9223426,,,,2.093307257,14386548736,1,0,38,39,38,39
run_8_repetition_13,DONE,LR,trh_gpu,iris,100,4,53.64208984,18.52073042,3.965420494,8.15644,3.786666667,7.193464518,14869372928,1,0,37,39,38,40
run_9_repetition_13,DONE,LR,trh_gpu,wine,130,13,56.92156982,18.42384925,6.655223962,6.34712,6.78,7.163172722,14868570112,1,0,39,39,39,41
run_10_repetition_13,DONE,LR,trh_gpu,breast_cancer,569,30,55.05938721,17.49589693,4.380465274,7.23895,4.153333333,7.16750145,14926618624,0.95614,0,39,40,40,41
run_11_repetition_13,DONE,LR,trh_gpu,digits,360,64,55.57684326,17.58035013,4.094175925,10.97285,4.413333333,7.1989007,14812856320,1,0,44,40,39,41
run_12_repetition_13,DONE,RR,skl_cpu,iris,100,4,16.48675537,24.58854745,,9.15644,,2.08772707,14305452032,0,0.0118,38,39,39,40
run_13_repetition_13,DONE,RR,skl_cpu,wine,130,13,16.63861084,24.06076132,,,,2.35672617,14306234368,0,0.0472,39,39,38,40
run_14_repetition_13,DONE,RR,skl_cpu,breast_cancer,569,30,16.73535156,25.40751869,,,,2.109199762,14312251392,0,0.0621,38,39,38,39
run_15_repetition_13,DONE,RR,skl_cpu,digits,360,64,16.80206299,24.81639882,,,,2.098305941,14331420672,0,0.0096,38,39,38,40
run_16_repetition_13,DONE,RR,intelex_cpu,iris,100,4,19.75964355,23.07521283,,,,2.067893267,14328819712,0,0.0118,37,39,39,39
run_17_repetition_13,DONE,RR,intelex_cpu,wine,130,13,20.00897217,23.55988678,,,,2.092383623,14335254528,0,0.0472,38,39,38,39
run_18_repetition_13,DONE,RR,intelex_cpu,breast_cancer,569,30,20.11035156,23.54436355,,,,2.078034639,14342979584,0,0.0621,38,39,38,40
run_19_repetition_13,DONE,RR,intelex_cpu,digits,360,64,20.05975342,21.98606776,,,,2.066259623,14352109568,0,0.0096,37,39,38,39
run_20_repetition_13,DONE,RR,xgb_gpu,iris,100,4,23.91461182,28.40882406,4.144294835,9.46352,4,7.188014507,14405570560,0,0.0004,38,39,38,39
run_21_repetition_13,DONE,RR,xgb_gpu,wine,130,13,24.51226807,25.78004146,7.186187921,8.31874,6.73,7.173504114,14410444800,0,0.0085,43,39,39,40
run_22_repetition_13,DONE,RR,xgb_gpu,breast_cancer,569,30,29.53155518,22.96392035,4.141386251,12.06782,3.886666667,7.187870026,14436499456,0,0.0393,38,39,39,40
run_23_repetition_13,DONE,RR,xgb_gpu,digits,360,64,25.81903076,24.50788437,4.024807357,11.48211,4.313333333,7.173650503,14453407744,0,0.0058,37,39,39,40
run_24_repetition_13,DONE,RR,trh_gpu,iris,100,4,56.80340576,17.53960859,3.84082788,9.29458,3.99,7.203903675,14931288064,0,0.0119,39,39,39,40
run_25_repetition_13,DONE,RR,trh_gpu,wine,130,13,56.88690186,17.39519782,4.585493548,9.29108,4.19,7.148150206,14925291520,0,0.0478,39,39,40,41
run_26_repetition_13,DONE,RR,trh_gpu,breast_cancer,569,30,57.1550293,17.90255464,3.880010026,12.18493,4.123333333,7.173026085,14926098432,0,0.057,38,39,40,41
run_27_repetition_13,DONE,RR,trh_gpu,digits,360,64,57.00866699,17.77308746,4.241513368,10.03721,4.083333333,7.14622426,14924464128,0,0.0095,39,40,47,41
run_28_repetition_13,DONE,DT,skl_cpu,iris,100,4,16.88891602,23.90689909,,,,2.06671977,14342479872,1,0,38,39,39,40
run_29_repetition_13,DONE,DT,skl_cpu,wine,130,13,16.92169189,26.00159008,,,,2.094353676,14329368576,0.923077,0,38,39,38,39
run_30_repetition_13,DONE,DT,skl_cpu,breast_cancer,569,30,17.0824585,25.18301537,,,,2.092926264,14321876992,0.912281,0,38,39,39,39
run_31_repetition_13,DONE,DT,skl_cpu,digits,360,64,16.97344971,25.32635049,,,,2.093480825,14324834304,0.972222,0,37,39,38,40
run_32_repetition_13,DONE,DT,xgb_cpu,iris,100,4,22.3182373,22.69919086,,,,2.117948771,14330335232,1,0,38,39,38,40
run_33_repetition_13,DONE,DT,xgb_cpu,wine,130,13,22.56848145,22.72772413,,,,2.073447704,14341316608,1,0,38,39,39,41
run_34_repetition_13,DONE,DT,xgb_cpu,breast_cancer,569,30,23.26928711,24.92812629,,,,2.087915182,14361673728,0.947368,0,37,39,39,41
run_35_repetition_13,DONE,DT,xgb_cpu,digits,360,64,22.67993164,23.73092742,,,,2.07481885,14336864256,0.958333,0,38,39,39,41
run_36_repetition_13,DONE,DT,xgb_gpu,iris,100,4,23.30523682,25.44654948,3.682922419,4.31874,3.766666667,7.2006042,14428127232,1,0,39,39,38,40
run_37_repetition_13,DONE,DT,xgb_gpu,wine,130,13,23.45123291,25.73387753,4.22498318,5.06782,3.996666667,7.186936378,14407929856,1,0,38,39,39,40
run_38_repetition_13,DONE,DT,xgb_gpu,breast_cancer,569,30,25.57769775,24.08821923,3.677363319,7.48211,3.833333333,7.197653294,14420406272,0.947368,0,39,39,39,40
run_39_repetition_13,DONE,DT,xgb_gpu,digits,360,64,24.72436523,23.36535503,3.905731906,6.29458,3.683333333,7.194455624,14447972352,0.958333,0,38,39,38,40
run_40_repetition_13,DONE,KMeans,skl_cpu,iris,100,4,17.11157227,26.19744453,,,,2.073417664,14357606400,1,0,39,39,38,40
run_41_repetition_13,DONE,KMeans,skl_cpu,wine,130,13,17.13726807,26.38779684,,,,2.071894169,14351876096,0.938462,0,38,39,38,40
run_42_repetition_13,DONE,KMeans,skl_cpu,breast_cancer,569,30,17.43481445,29.8953898,,,,2.113934278,14356873216,0.905097,0,38,39,39,40
run_43_repetition_13,DONE,KMeans,skl_cpu,digits,360,64,17.48400879,25.49138012,,,,2.073434114,14412546048,0.994444,0,40,40,40,40
run_44_repetition_13,DONE,KMeans,intelex_cpu,iris,100,4,17.07440186,25.38201952,,,,2.09146595,14416408576,1,0,38,40,39,40
run_45_repetition_13,DONE,KMeans,intelex_cpu,wine,130,13,17.24694824,26.64215054,,,,2.083825588,14416392192,0.938462,0,38,39,40,40
run_46_repetition_13,DONE,KMeans,intelex_cpu,breast_cancer,569,30,17.46118164,26.60690175,,,,2.089502335,14399205376,0.905097,0,39,39,39,40
run_47_repetition_13,DONE,KMeans,intelex_cpu,digits,360,64,17.56225586,26.71870049,,,,2.089369535,14405255168,0.994444,0,37,39,38,40
run_48_repetition_13,DONE,KMeans,tf_gpu,iris,100,4,47.01080322,18.00409762,4.108937401,8.18342,3.873333333,7.177249908,14750896128,1,0,38,39,40,40
run_49_repetition_13,DONE,KMeans,tf_gpu,wine,130,13,47.04553223,18.22638073,4.999644051,7.48176,5.293333333,7.130322695,14677852160,0.938461538,0,38,39,39,40
run_50_repetition_13,DONE,KMeans,tf_gpu,breast_cancer,569,30,46.85858154,18.4501257,4.788139105,14.43692,4.453333333,7.166196823,14676373504,0.912126538,0,38,39,40,40
run_51_repetition_13,DONE,KMeans,tf_gpu,digits,360,64,47.1270752,17.95728658,4.203497115,9.68446,4.453333333,7.166891813,14678204416,0.991666667,0,38,39,39,41
run_0_repetition_14,DONE,LR,skl_cpu,iris,100,4,18.84051514,31.886532,,,,2.10673666,14352203776,1,0,39,39,39,40
run_1_repetition_14,DONE,LR,skl_cpu,wine,130,13,18.75402832,31.72860608,,,,2.090378523,14349148160,1,0,39,39,39,40
run_2_repetition_14,DONE,LR,skl_cpu,breast_cancer,569,30,18.73724365,31.30692402,,,,2.091412067,14350684160,0.973684,0,38,39,40,40
run_3_repetition_14,DONE,LR,skl_cpu,digits,360,64,20.28796387,35.44140518,,,,2.103644848,14351118336,1,0,39,39,45,40
run_4_repetition_14,DONE,LR,intelex_cpu,iris,100,4,21.89416504,29.15120469,,,,2.096367359,14376042496,1,0,39,39,39,40
run_5_repetition_14,DONE,LR,intelex_cpu,wine,130,13,22.16912842,28.761563,,,,2.088550568,14393724928,1,0,37,39,39,40
run_6_repetition_14,DONE,LR,intelex_cpu,breast_cancer,569,30,24.17596436,34.29040691,,,,2.11557126,14384148480,0.973684,0,39,39,40,40
run_7_repetition_14,DONE,LR,intelex_cpu,digits,360,64,22.18481445,25.42171039,,,,2.093218327,14389387264,1,0,37,39,38,40
run_8_repetition_14,DONE,LR,trh_gpu,iris,100,4,53.50634766,18.20344982,3.967019472,5.34712,3.83,7.183763266,14849490944,1,0,38,39,40,41
run_9_repetition_14,DONE,LR,trh_gpu,wine,130,13,55.53314209,17.54488153,4.171051457,6.23895,4.47,7.19788599,14850744320,0.884615,0,39,39,40,41
run_10_repetition_14,DONE,LR,trh_gpu,breast_cancer,569,30,53.84741211,18.91638295,4.372210053,10.48267,4.043333333,7.157570362,14876913664,0.95614,0,38,40,40,41
run_11_repetition_14,DONE,LR,trh_gpu,digits,360,64,55.18255615,17.32071864,3.978477716,8.15644,4.163333333,7.15956974,14877917184,1,0,39,40,40,41
run_12_repetition_14,DONE,RR,skl_cpu,iris,100,4,16.67938232,25.26360363,,,,2.123873711,14377525248,0,0.0118,38,40,39,40
run_13_repetition_14,DONE,RR,skl_cpu,wine,130,13,16.39123535,25.50016741,,,,2.114352226,14375104512,0,0.0472,38,40,38,40
run_14_repetition_14,DONE,RR,skl_cpu,breast_cancer,569,30,16.48040771,24.63423659,,,,2.127583027,14387187712,0,0.0621,39,39,39,40
run_15_repetition_14,DONE,RR,skl_cpu,digits,360,64,16.72625732,24.8476804,,,,2.073831081,14384095232,0,0.0096,38,39,39,40
run_16_repetition_14,DONE,RR,intelex_cpu,iris,100,4,19.78460693,22.35669055,,,,2.069996834,14410670080,0,0.0118,39,39,38,40
run_17_repetition_14,DONE,RR,intelex_cpu,wine,130,13,19.90313721,23.18101413,,,,2.096210957,14400479232,0,0.0472,38,39,39,40
run_18_repetition_14,DONE,RR,intelex_cpu,breast_cancer,569,30,20.00042725,22.58762091,,,,2.075003624,14413590528,0,0.0621,38,39,39,40
run_19_repetition_14,DONE,RR,intelex_cpu,digits,360,64,19.97747803,22.95531189,,,,2.074385643,14427295744,0,0.0096,38,39,38,40
run_20_repetition_14,DONE,RR,xgb_gpu,iris,100,4,25.47070313,23.62486966,4.420234491,8.31874,4.246666667,7.182452202,14492495872,0,0.0004,39,39,47,40
run_21_repetition_14,DONE,RR,xgb_gpu,wine,130,13,31.89941406,31.64503433,4.191687086,9.06782,4.483333333,7.181781292,14492954624,0,0.0085,38,39,39,40
run_22_repetition_14,DONE,RR,xgb_gpu,breast_cancer,569,30,30.15844727,22.6599714,4.813045163,7.48211,4.566666667,7.181477308,14506045440,0,0.0393,38,39,39,40
run_23_repetition_14,DONE,RR,xgb_gpu,digits,360,64,25.89447021,24.13329179,4.214123563,11.29458,4.52,7.140607834,14514012160,0,0.0058,39,39,39,40
run_24_repetition_14,DONE,RR,trh_gpu,iris,100,4,57.01953125,17.88770832,4.113543953,8.29108,3.836666667,7.171063662,14709379072,0,0.0119,39,40,40,41
run_25_repetition_14,DONE,RR,trh_gpu,wine,130,13,57.02575684,17.48362972,4.366747863,9.46352,4.473333333,7.175207615,14703775744,0,0.0478,38,39,40,41
run_26_repetition_14,DONE,RR,trh_gpu,breast_cancer,569,30,56.84521484,20.12304372,3.968486215,12.57685,3.73,7.178341627,14718840832,0,0.057,38,40,40,41
run_27_repetition_14,DONE,RR,trh_gpu,digits,360,64,59.9140625,19.16716258,4.110650811,11.03721,4.426666667,7.250161171,14716887040,0,0.0095,39,40,39,41
run_28_repetition_14,DONE,DT,skl_cpu,iris,100,4,16.65722656,23.99019192,,,,2.087803841,14118461440,1,0,38,40,39,40
run_29_repetition_14,DONE,DT,skl_cpu,wine,130,13,18.85919189,27.64846154,,,,2.111266851,14137540608,0.923077,0,38,40,39,40
run_30_repetition_14,DONE,DT,skl_cpu,breast_cancer,569,30,16.84472656,24.3358907,,,,2.074675083,14127570944,0.912281,0,39,40,39,40
run_31_repetition_14,DONE,DT,skl_cpu,digits,360,64,16.94055176,25.72544994,,,,2.130096912,14129410048,0.972222,0,42,40,39,40
run_32_repetition_14,DONE,DT,xgb_cpu,iris,100,4,22.27490234,23.28771293,,,,2.097221851,14158331904,1,0,47,40,40,41
run_33_repetition_14,DONE,DT,xgb_cpu,wine,130,13,22.62097168,23.33570166,,,,2.070913792,14142730240,1,0,39,40,40,41
run_34_repetition_14,DONE,DT,xgb_cpu,breast_cancer,569,30,23.32952881,24.73451694,,,,2.090150595,14143967232,0.947368,0,38,40,39,41
run_35_repetition_14,DONE,DT,xgb_cpu,digits,360,64,22.47583008,23.29752102,,,,2.11350441,14145302528,0.958333,0,40,40,40,41
run_36_repetition_14,DONE,DT,xgb_gpu,iris,100,4,23.20758057,24.95341954,4.179234263,4.31874,4.493333333,7.187356234,14202294272,1,0,40,40,39,41
run_37_repetition_14,DONE,DT,xgb_gpu,wine,130,13,24.62414551,23.10130827,6.869821247,5.06782,5.936666667,7.147068024,14219411456,1,0,39,40,40,41
run_38_repetition_14,DONE,DT,xgb_gpu,breast_cancer,569,30,24.15472412,26.59721712,4.891965456,7.48211,5.4,7.214631557,14224248832,0.947368,0,39,40,39,40
run_39_repetition_14,DONE,DT,xgb_gpu,digits,360,64,23.37219238,25.70508821,4.322878051,6.29458,4.016666667,7.201302052,14218133504,0.958333,0,39,40,40,40
run_40_repetition_14,DONE,KMeans,skl_cpu,iris,100,4,17.40240479,26.54442418,,,,2.089817286,14161481728,1,0,41,40,39,40
run_41_repetition_14,DONE,KMeans,skl_cpu,wine,130,13,17.36047363,25.59328,,,,2.106105566,14153863168,0.938462,0,39,40,39,40
run_42_repetition_14,DONE,KMeans,skl_cpu,breast_cancer,569,30,17.36303711,26.11187394,,,,2.06621027,14157320192,0.905097,0,38,40,38,40
run_43_repetition_14,DONE,KMeans,skl_cpu,digits,360,64,17.39105225,25.36854972,,,,2.110749245,14159745024,0.994444,0,37,39,39,40
run_44_repetition_14,DONE,KMeans,intelex_cpu,iris,100,4,17.10253906,27.30227429,,,,2.090943098,14162161664,1,0,40,40,39,40
run_45_repetition_14,DONE,KMeans,intelex_cpu,wine,130,13,17.05645752,26.67712706,,,,2.469040632,14160912384,0.938462,0,38,39,39,40
run_46_repetition_14,DONE,KMeans,intelex_cpu,breast_cancer,569,30,17.52630615,26.36022369,,,,2.072119236,14197850112,0.905097,0,39,40,38,40
run_47_repetition_14,DONE,KMeans,intelex_cpu,digits,360,64,17.45397949,25.5911529,,,,2.093535423,14192205824,0.994444,0,37,39,39,39
run_48_repetition_14,DONE,KMeans,tf_gpu,iris,100,4,47.10046387,18.33610307,11.21715263,6.98454,10.63333333,7.163677454,14526586880,1,0,37,39,39,41
run_49_repetition_14,DONE,KMeans,tf_gpu,wine,130,13,47.11401367,18.25005558,3.979113383,8.25431,3.96,7.150108337,14514409472,0.938461538,0,38,39,40,41
run_50_repetition_14,DONE,KMeans,tf_gpu,breast_cancer,569,30,47.67120361,17.97949442,4.231707089,13.79685,3.986666667,7.207990646,14516154368,0.912126538,0,38,39,40,41
run_51_repetition_14,DONE,KMeans,tf_gpu,digits,360,64,47.43145752,18.26163586,3.966873208,10.28477,3.776666667,7.18522501,14517481472,0.991666667,0,38,40,39,41
run_0_repetition_15,DONE,LR,skl_cpu,iris,100,4,18.68603516,31.89127708,,,,2.099057198,14753169408,1,0,40,42,84,42
run_1_repetition_15,DONE,LR,skl_cpu,wine,130,13,18.74926758,32.09481192,,,,2.088058949,14515105792,1,0,38,40,40,41
run_2_repetition_15,DONE,LR,skl_cpu,breast_cancer,569,30,18.81689453,32.12001042,,,,2.08620739,14505639936,0.973684,0,39,40,39,40
run_3_repetition_15,DONE,LR,skl_cpu,digits,360,64,18.71325684,32.70569478,,,,2.092780828,14489866240,1,0,39,40,39,40
run_4_repetition_15,DONE,LR,intelex_cpu,iris,100,4,21.73272705,28.10290339,,,,2.092662334,14503424000,1,0,39,39,39,40
run_5_repetition_15,DONE,LR,intelex_cpu,wine,130,13,21.75854492,29.33455934,,,,2.089181185,14497943552,1,0,39,39,39,40
run_6_repetition_15,DONE,LR,intelex_cpu,breast_cancer,569,30,25.88494873,31.6304621,,,,2.093066454,14661345280,0.973684,0,40,41,41,41
run_7_repetition_15,DONE,LR,intelex_cpu,digits,360,64,22.03491211,28.80827285,,,,2.095623493,14586232832,1,0,39,40,39,40
run_8_repetition_15,DONE,LR,trh_gpu,iris,100,4,55.40032959,17.30476956,3.438800915,5.34712,3.503333333,7.217731237,14881263616,1,0,39,39,40,41
run_9_repetition_15,DONE,LR,trh_gpu,wine,130,13,53.12042236,17.71656653,3.561596284,6.23895,3.54,7.183105469,14886203392,0.961538,0,39,40,40,41
run_10_repetition_15,DONE,LR,trh_gpu,breast_cancer,569,30,61.69274902,24.02939648,5.116802379,10.48267,5.26,7.153787613,14887358464,0.964912,0,48,41,41,42
run_11_repetition_15,DONE,LR,trh_gpu,digits,360,64,55.4697876,16.66727999,3.851162448,8.15644,3.603333333,7.212123871,14887661568,1,0,41,41,42,43
run_12_repetition_15,DONE,RR,skl_cpu,iris,100,4,16.74975586,25.11881196,,7.29108,,2.090438604,14351466496,0,0.0118,42,41,39,41
run_13_repetition_15,DONE,RR,skl_cpu,wine,130,13,16.81512451,25.17416923,,8.46352,,2.093057871,14364065792,0,0.0472,40,40,40,41
run_14_repetition_15,DONE,RR,skl_cpu,breast_cancer,569,30,17.1505127,25.20648148,,12.18493,,2.091545343,14362189824,0,0.0621,39,40,39,40
run_15_repetition_15,DONE,RR,skl_cpu,digits,360,64,16.39892578,23.84861002,,10.03721,,2.117912769,14363754496,0,0.0096,39,40,40,40
run_16_repetition_15,DONE,RR,intelex_cpu,iris,100,4,19.91741943,23.36963849,,5.21284,,2.072766304,14351646720,0,0.0118,39,40,40,40
run_17_repetition_15,DONE,RR,intelex_cpu,wine,130,13,23.73327637,31.55570515,,6.17439,,2.077714205,14419464192,0,0.0472,41,40,40,41
run_18_repetition_15,DONE,RR,intelex_cpu,breast_cancer,569,30,22.04736328,27.36228515,,9.85627,,2.071047544,14605709312,0,0.0621,41,41,42,42
run_19_repetition_15,DONE,RR,intelex_cpu,digits,360,64,22.62969971,29.29018344,,8.04916,,2.076392889,14929846272,0,0.0096,59,44,45,45
run_20_repetition_15,DONE,RR,xgb_gpu,iris,100,4,25.47784424,23.19045807,4.832037826,8.31874,5.22,7.189097643,14645383168,0,0.0004,41,42,40,43
run_21_repetition_15,DONE,RR,xgb_gpu,wine,130,13,29.99890137,32.80825778,4.901691145,9.06782,5.133333333,7.147895575,14652661760,0,0.0085,41,42,41,42
run_22_repetition_15,DONE,RR,xgb_gpu,breast_cancer,569,30,29.72741699,22.91221687,3.793706151,7.48211,3.593333333,7.207204103,14622609408,0,0.0393,40,41,41,41
run_23_repetition_15,DONE,RR,xgb_gpu,digits,360,64,26.04748535,23.83471825,3.980830359,11.29458,4.143333333,7.193321705,14632935424,0,0.0058,55,41,41,41
run_24_repetition_15,DONE,RR,trh_gpu,iris,100,4,57.03564453,18.29202411,4.739118112,8.29108,4.553333333,7.153989077,14932361216,0,0.0119,40,40,41,42
run_25_repetition_15,DONE,RR,trh_gpu,wine,130,13,57.18737793,18.01546276,3.950584639,9.46352,4.233333333,7.198229313,14878949376,0,0.0478,39,41,41,42
run_26_repetition_15,DONE,RR,trh_gpu,breast_cancer,569,30,57.04382324,18.03460522,4.089022853,12.18493,3.836666667,7.189220428,14890942464,0,0.057,40,41,41,42
run_27_repetition_15,DONE,RR,trh_gpu,digits,360,64,57.48028564,17.99589554,4.375298523,10.03721,4.69,7.162756443,14900109312,0,0.0095,40,41,41,42
run_28_repetition_15,DONE,DT,skl_cpu,iris,100,4,17.42749023,25.83703979,,,,2.092107058,14286245888,1,0,40,40,41,41
run_29_repetition_15,DONE,DT,skl_cpu,wine,130,13,16.98468018,25.93176428,,,,2.100486994,14298615808,0.923077,0,40,40,40,41
run_30_repetition_15,DONE,DT,skl_cpu,breast_cancer,569,30,16.76928711,25.56304709,,,,2.110597849,14298550272,0.912281,0,39,40,40,41
run_31_repetition_15,DONE,DT,skl_cpu,digits,360,64,16.75982666,25.49434152,,,,2.087913752,14299201536,0.972222,0,39,40,40,40
run_32_repetition_15,DONE,DT,xgb_cpu,iris,100,4,22.3538208,23.15058928,,,,2.070784569,14321598464,1,0,40,40,40,41
run_33_repetition_15,DONE,DT,xgb_cpu,wine,130,13,22.28344727,23.17188196,,,,2.062018871,14321623040,1,0,40,40,40,42
run_34_repetition_15,DONE,DT,xgb_cpu,breast_cancer,569,30,31.95776367,33.52588887,,,,2.106339455,14383480832,0.947368,0,41,40,43,42
run_35_repetition_15,DONE,DT,xgb_cpu,digits,360,64,22.8762207,24.75218289,,,,2.069823742,14130446336,0.958333,0,49,41,40,42
run_36_repetition_15,DONE,DT,xgb_gpu,iris,100,4,27.47949219,28.30005171,5.356853324,4.31874,5.456666667,7.181522846,14211801088,1,0,39,40,39,41
run_37_repetition_15,DONE,DT,xgb_gpu,wine,130,13,23.55963135,25.64249843,4.935772687,5.06782,5.54,7.165184259,14195589120,1,0,39,40,40,40
run_38_repetition_15,DONE,DT,xgb_gpu,breast_cancer,569,30,25.23895264,24.17863033,4.076710362,7.48211,3.85,7.188687325,14206967808,0.947368,0,39,39,39,40
run_39_repetition_15,DONE,DT,xgb_gpu,digits,360,64,23.28649902,25.67486257,4.432330446,6.29458,4.7,7.170526505,14201946112,0.958333,0,46,39,39,40
run_40_repetition_15,DONE,KMeans,skl_cpu,iris,100,4,17.07208252,26.73636917,,,,2.084929943,14137569280,1,0,38,39,39,39
run_41_repetition_15,DONE,KMeans,skl_cpu,wine,130,13,17.23779297,26.92328616,,,,2.094498158,14140399616,0.938462,0,38,38,38,39
run_42_repetition_15,DONE,KMeans,skl_cpu,breast_cancer,569,30,23.62585449,31.54040452,,,,2.094101191,14201237504,0.905097,0,37,38,39,39
run_43_repetition_15,DONE,KMeans,skl_cpu,digits,360,64,17.31298828,25.24112836,,,,2.114783764,14220828672,0.994444,0,38,38,38,39
run_44_repetition_15,DONE,KMeans,intelex_cpu,iris,100,4,17.14959717,26.06158083,,,,2.133382797,14210715648,1,0,37,38,38,39
run_45_repetition_15,DONE,KMeans,intelex_cpu,wine,130,13,17.02026367,23.72912032,,,,2.095633745,14223011840,0.938462,0,39,39,39,39
run_46_repetition_15,DONE,KMeans,intelex_cpu,breast_cancer,569,30,17.23956299,25.49413881,,,,2.098692894,14214029312,0.905097,0,37,38,38,39
run_47_repetition_15,DONE,KMeans,intelex_cpu,digits,360,64,17.24731445,25.96655181,,,,2.095659733,14219264000,0.994444,0,39,38,39,39
run_48_repetition_15,DONE,KMeans,tf_gpu,iris,100,4,47.22540283,18.7106396,4.236188349,6.18342,4.536666667,7.171051741,14570967040,1,0,38,38,38,39
run_49_repetition_15,DONE,KMeans,tf_gpu,wine,130,13,46.93304443,20.47477683,4.937112833,7.25431,4.623333333,7.487600088,14571061248,0.938461538,0,38,38,38,39
run_50_repetition_15,DONE,KMeans,tf_gpu,breast_cancer,569,30,47.92773438,19.05934214,4.064033762,11.43692,3.853333333,7.200200796,14572249088,0.912126538,0,38,38,39,39
run_51_repetition_15,DONE,KMeans,tf_gpu,digits,360,64,46.79418945,18.08780223,4.268700203,9.28477,4.636666667,7.170939922,14576492544,0.991666667,0,45,39,38,39
run_0_repetition_16,DONE,LR,skl_cpu,iris,100,4,18.49279785,31.33792253,,,,2.077327967,14238310400,1,0,39,38,38,39
run_1_repetition_16,DONE,LR,skl_cpu,wine,130,13,18.63458252,32.41488109,,,,2.095761776,14245179392,1,0,37,38,37,39
run_2_repetition_16,DONE,LR,skl_cpu,breast_cancer,569,30,18.93762207,32.79258741,,,,2.113385201,14254157824,0.973684,0,44,38,37,38
run_3_repetition_16,DONE,LR,skl_cpu,digits,360,64,18.77252197,31.4223663,,,,2.160709858,14256603136,1,0,43,38,37,38
run_4_repetition_16,DONE,LR,intelex_cpu,iris,100,4,21.68792725,28.61190029,,,,2.071785688,14274551808,1,0,37,37,38,38
run_5_repetition_16,DONE,LR,intelex_cpu,wine,130,13,21.88879395,29.47507095,,,,2.084947586,14285258752,1,0,36,37,38,38
run_6_repetition_16,DONE,LR,intelex_cpu,breast_cancer,569,30,21.97454834,29.41335681,,,,2.066197157,14290554880,0.973684,0,36,37,38,38
run_7_repetition_16,DONE,LR,intelex_cpu,digits,360,64,22.10968018,29.31311152,,,,2.074559212,14314323968,1,0,36,37,37,38
run_8_repetition_16,DONE,LR,trh_gpu,iris,100,4,53.44146729,18.70777746,3.992067876,6.34712,4.236666667,7.152462482,14771900416,1,0,36,37,37,38
run_9_repetition_16,DONE,LR,trh_gpu,wine,130,13,57.74243164,20.55046634,13.81379787,7.23895,13.75666667,7.15707922,14784557056,0.923077,0,37,37,63,39
run_10_repetition_16,DONE,LR,trh_gpu,breast_cancer,569,30,54.82043457,17.48923779,7.775719056,10.97285,7.33,7.213477135,14788653056,0.95614,0,37,38,38,39
run_11_repetition_16,DONE,LR,trh_gpu,digits,360,64,56.50830078,18.64685746,3.99675921,9.15644,3.81,7.180198431,14799929344,1,0,37,38,38,39
run_12_repetition_16,DONE,RR,skl_cpu,iris,100,4,16.67138672,25.40930553,,,,2.085851908,14294663168,0,0.0118,37,38,38,39
run_13_repetition_16,DONE,RR,skl_cpu,wine,130,13,16.51043701,24.78633348,,,,2.091539145,14306643968,0,0.0472,37,38,38,39
run_14_repetition_16,DONE,RR,skl_cpu,breast_cancer,569,30,16.72650146,26.47927163,,,,2.098497629,14332792832,0,0.0621,37,39,38,39
run_15_repetition_16,DONE,RR,skl_cpu,digits,360,64,17.02709961,25.20499595,,,,2.090549231,14341402624,0,0.0096,38,38,38,39
run_16_repetition_16,DONE,RR,intelex_cpu,iris,100,4,19.66229248,22.66241679,,,,2.069353819,14415073280,0,0.0118,39,39,40,40
run_17_repetition_16,DONE,RR,intelex_cpu,wine,130,13,20.13641357,23.66519717,,,,2.096007347,14667366400,0,0.0472,42,42,42,42
run_18_repetition_16,DONE,RR,intelex_cpu,breast_cancer,569,30,19.91424561,23.39181248,,,,2.112658739,14662275072,0,0.0621,38,39,39,40
run_19_repetition_16,DONE,RR,intelex_cpu,digits,360,64,19.95751953,23.37573589,,,,2.065040112,14602661888,0,0.0096,39,39,47,39
run_20_repetition_16,DONE,RR,xgb_gpu,iris,100,4,23.92382812,25.89243305,4.332506089,8.45676,4.726666667,7.159271002,14654812160,0,0.0004,38,39,37,39
run_21_repetition_16,DONE,RR,xgb_gpu,wine,130,13,28.25299072,24.92967638,4.454635788,9.06782,4.813333333,7.192057133,14637211648,0,0.0085,39,39,39,40
run_22_repetition_16,DONE,RR,xgb_gpu,breast_cancer,569,30,29.7645874,23.34301515,5.324073629,12.18493,4.836666667,7.191200256,14638260224,0,0.0393,38,39,40,40
run_23_repetition_16,DONE,RR,xgb_gpu,digits,360,64,25.56933594,23.34147808,4.278513412,10.03721,4.52,7.178771973,14637539328,0,0.0058,38,39,38,40
run_24_repetition_16,DONE,RR,trh_gpu,iris,100,4,57.29602051,16.62285796,4.535676486,8.29108,4.213333333,7.171483517,14925336576,0,0.0119,38,39,39,40
run_25_repetition_16,DONE,RR,trh_gpu,wine,130,13,57.09063721,17.89424524,4.331943955,9.46352,4.07,7.174229622,14924136448,0,0.0478,39,39,40,40
run_26_repetition_16,DONE,RR,trh_gpu,breast_cancer,569,30,57.18127441,17.94812956,4.137509967,12.57685,4.023333333,7.170480013,14917275648,0,0.057,37,39,40,41
run_27_repetition_16,DONE,RR,trh_gpu,digits,360,64,58.61016846,17.50609457,4.688460176,11.03721,4.91,7.192167759,14910185472,0,0.0095,39,39,40,41
run_28_repetition_16,DONE,DT,skl_cpu,iris,100,4,16.78143311,25.77745292,,,,2.104066372,14311751680,1,0,39,39,38,40
run_29_repetition_16,DONE,DT,skl_cpu,wine,130,13,19.20397949,28.23357159,,,,2.124861002,14344441856,0.923077,0,39,39,39,40
run_30_repetition_16,DONE,DT,skl_cpu,breast_cancer,569,30,17.07318115,25.40498521,,,,2.100058317,14333685760,0.912281,0,38,39,39,39
run_31_repetition_16,DONE,DT,skl_cpu,digits,360,64,17.0078125,25.24614892,,,,2.098364592,14332219392,0.972222,0,38,39,38,39
run_32_repetition_16,DONE,DT,xgb_cpu,iris,100,4,22.40551758,23.45065265,,,,2.094404459,14330421248,1,0,37,39,39,40
run_33_repetition_16,DONE,DT,xgb_cpu,wine,130,13,22.43548584,22.71887974,,,,2.171815157,14333566976,1,0,39,39,39,40
run_34_repetition_16,DONE,DT,xgb_cpu,breast_cancer,569,30,23.25952148,24.68754188,,,,2.107197762,14370025472,0.947368,0,38,39,40,40
run_35_repetition_16,DONE,DT,xgb_cpu,digits,360,64,22.44921875,23.49180232,,,,2.071009159,14348845056,0.958333,0,38,39,39,41
run_36_repetition_16,DONE,DT,xgb_gpu,iris,100,4,22.93084717,25.44431312,4.301600485,6.31874,4.496666667,7.17786026,14425911296,1,0,38,39,39,40
run_37_repetition_16,DONE,DT,xgb_gpu,wine,130,13,23.39501953,25.18983659,4.258395915,5.31987,4.06,7.187029362,14450180096,1,0,38,39,39,40
run_38_repetition_16,DONE,DT,xgb_gpu,breast_cancer,569,30,25.68878174,24.58563511,4.033135618,8.48211,4.25,7.174626827,14480801792,0.947368,0,39,40,39,41
run_39_repetition_16,DONE,DT,xgb_gpu,digits,360,64,23.44726563,25.99475121,4.007142129,7.29458,4.086666667,7.177536249,14479216640,0.958333,0,39,39,39,40
run_40_repetition_16,DONE,KMeans,skl_cpu,iris,100,4,17.36138916,26.03460895,,,,2.096527338,14400401408,1,0,38,39,39,40
run_41_repetition_16,DONE,KMeans,skl_cpu,wine,130,13,17.11376953,26.21485094,,,,2.081035852,14396919808,0.938462,0,37,39,47,39
run_42_repetition_16,DONE,KMeans,skl_cpu,breast_cancer,569,30,17.33508301,26.47954616,,,,2.08762455,14397628416,0.905097,0,38,39,39,39
run_43_repetition_16,DONE,KMeans,skl_cpu,digits,360,64,17.26983643,26.34587731,,,,2.074979067,14409809920,0.994444,0,37,39,38,39
run_44_repetition_16,DONE,KMeans,intelex_cpu,iris,100,4,17.19677734,25.62275487,,,,2.111256599,14413914112,1,0,38,39,39,39
run_45_repetition_16,DONE,KMeans,intelex_cpu,wine,130,13,17.05743408,26.52721961,,,,2.06703496,14413074432,0.938462,0,39,39,38,39
run_46_repetition_16,DONE,KMeans,intelex_cpu,breast_cancer,569,30,17.00866699,25.94260962,,,,2.132358313,14410948608,0.905097,0,38,39,38,39
run_47_repetition_16,DONE,KMeans,intelex_cpu,digits,360,64,17.17889404,26.81072576,,,,2.090289354,14415335424,0.994444,0,38,39,37,39
run_48_repetition_16,DONE,KMeans,tf_gpu,iris,100,4,46.86340332,18.37563978,4.066880944,7.18342,3.83,7.19325161,14755438592,1,0,38,39,40,40
run_49_repetition_16,DONE,KMeans,tf_gpu,wine,130,13,47.18841553,18.31123749,4.745598714,7.25431,4.75,7.175707817,14754840576,0.938461538,0,39,39,39,40
run_50_repetition_16,DONE,KMeans,tf_gpu,breast_cancer,569,30,47.00946045,18.68680941,3.914776038,13.43692,3.7,7.151590824,14756438016,0.912126538,0,39,39,40,40
run_51_repetition_16,DONE,KMeans,tf_gpu,digits,360,64,47.28094482,18.38407527,4.126829919,8.28477,4.446666667,7.198957443,14763212800,0.991666667,0,39,39,39,40
run_0_repetition_17,DONE,LR,skl_cpu,iris,100,4,18.71105957,31.96985919,,,,2.091370583,14421987328,1,0,39,39,38,40
run_1_repetition_17,DONE,LR,skl_cpu,wine,130,13,18.74530029,32.26751849,,,,2.109723091,14423965696,1,0,38,39,39,39
run_2_repetition_17,DONE,LR,skl_cpu,breast_cancer,569,30,18.91540527,32.18927895,,,,2.093616009,14427213824,0.973684,0,38,39,39,40
run_3_repetition_17,DONE,LR,skl_cpu,digits,360,64,18.9263916,31.94277466,,,,2.09518075,14433423360,1,0,37,39,38,39
run_4_repetition_17,DONE,LR,intelex_cpu,iris,100,4,21.94787598,29.17936589,,,,2.070899487,14445977600,1,0,38,39,38,39
run_5_repetition_17,DONE,LR,intelex_cpu,wine,130,13,22.01977539,29.75771926,,,,2.07469058,14450348032,1,0,38,39,38,40
run_6_repetition_17,DONE,LR,intelex_cpu,breast_cancer,569,30,22.61865234,30.39894464,,,,2.09339571,14451396608,0.973684,0,39,39,38,39
run_7_repetition_17,DONE,LR,intelex_cpu,digits,360,64,22.10870361,29.16885567,,,,2.069275618,14453137408,1,0,38,39,38,39
run_8_repetition_17,DONE,LR,trh_gpu,iris,100,4,55.18206787,17.44687413,3.97847173,5.34712,4.293333333,7.152142286,14901813248,1,0,45,39,38,40
run_9_repetition_17,DONE,LR,trh_gpu,wine,130,13,53.2611084,18.10053872,4.228989178,6.23895,3.843333333,7.173131466,14903459840,0.961538,0,38,39,40,40
run_10_repetition_17,DONE,LR,trh_gpu,breast_cancer,569,30,55.79437256,17.53530363,4.099615384,10.48267,4.366666667,7.184613943,14904352768,0.973684,0,38,39,39,40
run_11_repetition_17,DONE,LR,trh_gpu,digits,360,64,53.56451416,18.43647986,3.925755057,8.15644,3.746666667,7.165291309,14906535936,1,0,37,39,40,41
run_12_repetition_17,DONE,RR,skl_cpu,iris,100,4,16.64257813,24.96780431,,,,2.095475912,14399926272,0,0.0118,39,39,39,40
run_13_repetition_17,DONE,RR,skl_cpu,wine,130,13,16.67230225,25.24266115,,,,2.089029789,14409924608,0,0.0472,39,39,39,39
run_14_repetition_17,DONE,RR,skl_cpu,breast_cancer,569,30,16.77490234,24.6696262,,,,2.095970631,14414262272,0,0.0621,37,39,38,39
run_15_repetition_17,DONE,RR,skl_cpu,digits,360,64,16.82220459,24.823615,,,,2.093604326,14412955648,0,0.0096,38,39,37,39
run_16_repetition_17,DONE,RR,intelex_cpu,iris,100,4,20.11065674,23.74322867,,,,2.100363016,14427484160,0,0.0118,38,39,38,39
run_17_repetition_17,DONE,RR,intelex_cpu,wine,130,13,19.98339844,23.1975981,,,,2.095823288,14428033024,0,0.0472,38,39,38,39
run_18_repetition_17,DONE,RR,intelex_cpu,breast_cancer,569,30,19.90881348,23.72485694,,,,2.064824104,14435872768,0,0.0621,38,39,38,39
run_19_repetition_17,DONE,RR,intelex_cpu,digits,360,64,19.9241333,23.00000918,,,,2.066029072,14457671680,0,0.0096,38,39,38,39
run_20_repetition_17,DONE,RR,xgb_gpu,iris,100,4,25.03674316,23.00322184,4.926206541,9.46352,4.59,7.203509569,14509080576,0,0.0004,38,39,38,39
run_21_repetition_17,DONE,RR,xgb_gpu,wine,130,13,25.54370117,23.34574601,4.190968742,8.31874,4.52,7.139378309,14496911360,0,0.0085,38,39,39,39
run_22_repetition_17,DONE,RR,xgb_gpu,breast_cancer,569,30,29.88696289,22.99904814,3.977013116,10.06782,3.903333333,7.166780233,14508195840,0,0.0393,37,39,38,40
run_23_repetition_17,DONE,RR,xgb_gpu,digits,360,64,26.23339844,24.23480984,3.798479223,12.48211,3.866666667,7.229727507,14556762112,0,0.0058,38,39,39,40
run_24_repetition_17,DONE,RR,trh_gpu,iris,100,4,57.01409912,17.75207431,3.859577183,9.29458,3.966666667,7.179208994,14942142464,0,0.0119,37,39,40,40
run_25_repetition_17,DONE,RR,trh_gpu,wine,130,13,59.82836914,19.33452909,3.974179238,9.29108,3.726666667,7.198497295,14924189696,0,0.0478,38,39,40,41
run_26_repetition_17,DONE,RR,trh_gpu,breast_cancer,569,30,57.04119873,17.58994785,3.906823758,12.18493,4.16,7.189893723,14925283328,0,0.057,38,39,40,41
run_27_repetition_17,DONE,RR,trh_gpu,digits,360,64,57.29827881,17.89947729,4.04944684,10.03721,3.78,7.167886972,14906941440,0,0.0095,38,39,39,41
run_28_repetition_17,DONE,DT,skl_cpu,iris,100,4,17.09533691,25.83802793,,,,2.114987135,14310031360,1,0,39,39,39,40
run_29_repetition_17,DONE,DT,skl_cpu,wine,130,13,17.06488037,25.02232941,,,,2.094357491,14312656896,0.923077,0,38,39,39,40
run_30_repetition_17,DONE,DT,skl_cpu,breast_cancer,569,30,17.12225342,25.62985362,,,,2.070055008,14317703168,0.912281,0,38,39,38,40
run_31_repetition_17,DONE,DT,skl_cpu,digits,360,64,17.12084961,26.13169944,,,,2.091092348,14316417024,0.972222,0,39,39,38,39
run_32_repetition_17,DONE,DT,xgb_cpu,iris,100,4,22.41088867,23.56232029,,,,2.096383095,14320529408,1,0,38,39,39,40
run_33_repetition_17,DONE,DT,xgb_cpu,wine,130,13,22.41845703,23.39245909,,,,2.095651388,14320848896,1,0,38,39,39,41
run_34_repetition_17,DONE,DT,xgb_cpu,breast_cancer,569,30,23.04772949,29.50057334,,,,2.080003262,14326157312,0.947368,0,38,39,39,41
run_35_repetition_17,DONE,DT,xgb_cpu,digits,360,64,22.64898682,23.78024425,,,,2.069788694,14332669952,0.958333,0,38,39,39,41
run_36_repetition_17,DONE,DT,xgb_gpu,iris,100,4,22.91790771,24.77443363,4.07436415,5.31879,3.883333333,7.207108498,14398590976,1,0,39,39,39,40
run_37_repetition_17,DONE,DT,xgb_gpu,wine,130,13,23.41137695,26.114236,4.204564403,5.06782,4.556666667,7.209336519,14416568320,1,0,37,39,39,40
run_38_repetition_17,DONE,DT,xgb_gpu,breast_cancer,569,30,27.6817627,26.48784882,4.218176745,7.48211,3.976666667,7.173782587,14400446464,0.947368,0,39,39,38,40
run_39_repetition_17,DONE,DT,xgb_gpu,digits,360,64,23.2444458,25.68980984,3.70658602,6.29458,3.903333333,7.251098156,14425362432,0.958333,0,38,39,39,40
run_40_repetition_17,DONE,KMeans,skl_cpu,iris,100,4,17.24163818,25.75845753,,,,2.066053391,14333063168,1,0,38,39,38,40
run_41_repetition_17,DONE,KMeans,skl_cpu,wine,130,13,17.38848877,26.0834281,,,,2.069806814,14331301888,0.938462,0,39,39,39,40
run_42_repetition_17,DONE,KMeans,skl_cpu,breast_cancer,569,30,17.10650635,24.61796576,,,,2.114999533,14331604992,0.905097,0,39,39,38,39
run_43_repetition_17,DONE,KMeans,skl_cpu,digits,360,64,17.4465332,25.82613983,,,,2.114593983,14330953728,0.994444,0,38,39,38,39
run_44_repetition_17,DONE,KMeans,intelex_cpu,iris,100,4,17.41265869,26.12689967,,,,2.073470116,14334423040,1,0,37,39,38,39
run_45_repetition_17,DONE,KMeans,intelex_cpu,wine,130,13,17.25134277,25.58124274,,,,2.44657588,14340526080,0.938462,0,37,39,47,39
run_46_repetition_17,DONE,KMeans,intelex_cpu,breast_cancer,569,30,17.24359131,25.95620702,,,,2.091821671,14349635584,0.905097,0,43,39,38,39
run_47_repetition_17,DONE,KMeans,intelex_cpu,digits,360,64,17.22607422,26.50960905,,,,2.07799983,14351958016,0.994444,0,42,39,38,39
run_48_repetition_17,DONE,KMeans,tf_gpu,iris,100,4,46.88897705,18.22378111,4.508680528,9.47845,4.886666667,7.184242964,14689107968,1,0,39,39,40,40
run_49_repetition_17,DONE,KMeans,tf_gpu,wine,130,13,47.13409424,18.13513856,3.971643647,7.25431,3.783333333,7.189896345,14692589568,0.938461538,0,55,39,39,40
run_50_repetition_17,DONE,KMeans,tf_gpu,breast_cancer,569,30,47.30657959,18.43359461,4.399665968,15.43692,4.613333333,7.188659668,14694903808,0.912126538,0,39,39,39,40
run_51_repetition_17,DONE,KMeans,tf_gpu,digits,360,64,49.8036499,19.55424772,3.947530763,12.18477,3.716666667,7.173017263,14699728896,0.991666667,0,39,39,40,40
run_0_repetition_18,DONE,LR,skl_cpu,iris,100,4,18.76318359,31.73033127,,,,2.090809345,14360608768,1,0,39,39,39,40
run_1_repetition_18,DONE,LR,skl_cpu,wine,130,13,18.87097168,31.7394624,,,,2.074062347,14359654400,1,0,38,39,38,40
run_2_repetition_18,DONE,LR,skl_cpu,breast_cancer,569,30,18.58935547,31.29189579,,,,2.096060753,14362873856,0.973684,0,38,39,38,39
run_3_repetition_18,DONE,LR,skl_cpu,digits,360,64,19.00073242,31.40628817,,,,2.072098017,14362578944,1,0,37,39,38,39
run_4_repetition_18,DONE,LR,intelex_cpu,iris,100,4,21.78393555,29.82847055,,,,2.086180449,14379409408,1,0,39,39,39,39
run_5_repetition_18,DONE,LR,intelex_cpu,wine,130,13,21.50842285,29.66799361,,,,2.098675489,14381084672,1,0,38,39,39,39
run_6_repetition_18,DONE,LR,intelex_cpu,breast_cancer,569,30,22.8604126,30.74678846,,,,2.071256638,14385451008,0.973684,0,38,39,38,39
run_7_repetition_18,DONE,LR,intelex_cpu,digits,360,64,22.12591553,28.9223426,,,,2.093307257,14386548736,1,0,38,39,38,39
run_8_repetition_18,DONE,LR,trh_gpu,iris,100,4,53.64208984,18.52073042,3.965420494,8.15644,3.786666667,7.193464518,14869372928,1,0,37,39,38,40
run_9_repetition_18,DONE,LR,trh_gpu,wine,130,13,56.92156982,18.42384925,6.655223962,6.34712,6.78,7.163172722,14868570112,1,0,39,39,39,41
run_10_repetition_18,DONE,LR,trh_gpu,breast_cancer,569,30,55.05938721,17.49589693,4.380465274,7.23895,4.153333333,7.16750145,14926618624,0.95614,0,39,40,40,41
run_11_repetition_18,DONE,LR,trh_gpu,digits,360,64,55.57684326,17.58035013,4.094175925,10.97285,4.413333333,7.1989007,14812856320,1,0,44,40,39,41
run_12_repetition_18,DONE,RR,skl_cpu,iris,100,4,16.48675537,24.58854745,,9.15644,,2.08772707,14305452032,0,0.0118,38,39,39,40
run_13_repetition_18,DONE,RR,skl_cpu,wine,130,13,16.63861084,24.06076132,,,,2.35672617,14306234368,0,0.0472,39,39,38,40
run_14_repetition_18,DONE,RR,skl_cpu,breast_cancer,569,30,16.73535156,25.40751869,,,,2.109199762,14312251392,0,0.0621,38,39,38,39
run_15_repetition_18,DONE,RR,skl_cpu,digits,360,64,16.80206299,24.81639882,,,,2.098305941,14331420672,0,0.0096,38,39,38,40
run_16_repetition_18,DONE,RR,intelex_cpu,iris,100,4,19.75964355,23.07521283,,,,2.067893267,14328819712,0,0.0118,37,39,39,39
run_17_repetition_18,DONE,RR,intelex_cpu,wine,130,13,20.00897217,23.55988678,,,,2.092383623,14335254528,0,0.0472,38,39,38,39
run_18_repetition_18,DONE,RR,intelex_cpu,breast_cancer,569,30,20.11035156,23.54436355,,,,2.078034639,14342979584,0,0.0621,38,39,38,40
run_19_repetition_18,DONE,RR,intelex_cpu,digits,360,64,20.05975342,21.98606776,,,,2.066259623,14352109568,0,0.0096,37,39,38,39
run_20_repetition_18,DONE,RR,xgb_gpu,iris,100,4,23.91461182,28.40882406,4.144294835,9.46352,4,7.188014507,14405570560,0,0.0004,38,39,38,39
run_21_repetition_18,DONE,RR,xgb_gpu,wine,130,13,24.51226807,25.78004146,7.186187921,8.31874,6.73,7.173504114,14410444800,0,0.0085,43,39,39,40
run_22_repetition_18,DONE,RR,xgb_gpu,breast_cancer,569,30,29.53155518,22.96392035,4.141386251,12.06782,3.886666667,7.187870026,14436499456,0,0.0393,38,39,39,40
run_23_repetition_18,DONE,RR,xgb_gpu,digits,360,64,25.81903076,24.50788437,4.024807357,11.48211,4.313333333,7.173650503,14453407744,0,0.0058,37,39,39,40
run_24_repetition_18,DONE,RR,trh_gpu,iris,100,4,56.80340576,17.53960859,3.84082788,9.29458,3.99,7.203903675,14931288064,0,0.0119,39,39,39,40
run_25_repetition_18,DONE,RR,trh_gpu,wine,130,13,56.88690186,17.39519782,4.585493548,9.29108,4.19,7.148150206,14925291520,0,0.0478,39,39,40,41
run_26_repetition_18,DONE,RR,trh_gpu,breast_cancer,569,30,57.1550293,17.90255464,3.880010026,12.18493,4.123333333,7.173026085,14926098432,0,0.057,38,39,40,41
run_27_repetition_18,DONE,RR,trh_gpu,digits,360,64,57.00866699,17.77308746,4.241513368,10.03721,4.083333333,7.14622426,14924464128,0,0.0095,39,40,47,41
run_28_repetition_18,DONE,DT,skl_cpu,iris,100,4,16.88891602,23.90689909,,,,2.06671977,14342479872,1,0,38,39,39,40
run_29_repetition_18,DONE,DT,skl_cpu,wine,130,13,16.92169189,26.00159008,,,,2.094353676,14329368576,0.923077,0,38,39,38,39
run_30_repetition_18,DONE,DT,skl_cpu,breast_cancer,569,30,17.0824585,25.18301537,,,,2.092926264,14321876992,0.912281,0,38,39,39,39
run_31_repetition_18,DONE,DT,skl_cpu,digits,360,64,16.97344971,25.32635049,,,,2.093480825,14324834304,0.972222,0,37,39,38,40
run_32_repetition_18,DONE,DT,xgb_cpu,iris,100,4,22.3182373,22.69919086,,,,2.117948771,14330335232,1,0,38,39,38,40
run_33_repetition_18,DONE,DT,xgb_cpu,wine,130,13,22.56848145,22.72772413,,,,2.073447704,14341316608,1,0,38,39,39,41
run_34_repetition_18,DONE,DT,xgb_cpu,breast_cancer,569,30,23.26928711,24.92812629,,,,2.087915182,14361673728,0.947368,0,37,39,39,41
run_35_repetition_18,DONE,DT,xgb_cpu,digits,360,64,22.67993164,23.73092742,,,,2.07481885,14336864256,0.958333,0,38,39,39,41
run_36_repetition_18,DONE,DT,xgb_gpu,iris,100,4,23.30523682,25.44654948,3.682922419,4.31874,3.766666667,7.2006042,14428127232,1,0,39,39,38,40
run_37_repetition_18,DONE,DT,xgb_gpu,wine,130,13,23.45123291,25.73387753,4.22498318,5.06782,3.996666667,7.186936378,14407929856,1,0,38,39,39,40
run_38_repetition_18,DONE,DT,xgb_gpu,breast_cancer,569,30,25.57769775,24.08821923,3.677363319,7.48211,3.833333333,7.197653294,14420406272,0.947368,0,39,39,39,40
run_39_repetition_18,DONE,DT,xgb_gpu,digits,360,64,24.72436523,23.36535503,3.905731906,6.29458,3.683333333,7.194455624,14447972352,0.958333,0,38,39,38,40
run_40_repetition_18,DONE,KMeans,skl_cpu,iris,100,4,17.11157227,26.19744453,,,,2.073417664,14357606400,1,0,39,39,38,40
run_41_repetition_18,DONE,KMeans,skl_cpu,wine,130,13,17.13726807,26.38779684,,,,2.071894169,14351876096,0.938462,0,38,39,38,40
run_42_repetition_18,DONE,KMeans,skl_cpu,breast_cancer,569,30,17.43481445,29.8953898,,,,2.113934278,14356873216,0.905097,0,38,39,39,40
run_43_repetition_18,DONE,KMeans,skl_cpu,digits,360,64,17.48400879,25.49138012,,,,2.073434114,14412546048,0.994444,0,40,40,40,40
run_44_repetition_18,DONE,KMeans,intelex_cpu,iris,100,4,17.07440186,25.38201952,,,,2.09146595,14416408576,1,0,38,40,39,40
run_45_repetition_18,DONE,KMeans,intelex_cpu,wine,130,13,17.24694824,26.64215054,,,,2.083825588,14416392192,0.938462,0,38,39,40,40
run_46_repetition_18,DONE,KMeans,intelex_cpu,breast_cancer,569,30,17.46118164,26.60690175,,,,2.089502335,14399205376,0.905097,0,39,39,39,40
run_47_repetition_18,DONE,KMeans,intelex_cpu,digits,360,64,17.56225586,26.71870049,,,,2.089369535,14405255168,0.994444,0,37,39,38,40
run_48_repetition_18,DONE,KMeans,tf_gpu,iris,100,4,47.01080322,18.00409762,4.108937401,8.18342,3.873333333,7.177249908,14750896128,1,0,38,39,40,40
run_49_repetition_18,DONE,KMeans,tf_gpu,wine,130,13,47.04553223,18.22638073,4.999644051,7.48176,5.293333333,7.130322695,14677852160,0.938461538,0,38,39,39,40
run_50_repetition_18,DONE,KMeans,tf_gpu,breast_cancer,569,30,46.85858154,18.4501257,4.788139105,14.43692,4.453333333,7.166196823,14676373504,0.912126538,0,38,39,40,40
run_51_repetition_18,DONE,KMeans,tf_gpu,digits,360,64,47.1270752,17.95728658,4.203497115,9.68446,4.453333333,7.166891813,14678204416,0.991666667,0,38,39,39,41
run_0_repetition_19,DONE,LR,skl_cpu,iris,100,4,18.84051514,31.886532,,,,2.10673666,14352203776,1,0,39,39,39,40
run_1_repetition_19,DONE,LR,skl_cpu,wine,130,13,18.75402832,31.72860608,,,,2.090378523,14349148160,1,0,39,39,39,40
run_2_repetition_19,DONE,LR,skl_cpu,breast_cancer,569,30,18.73724365,31.30692402,,,,2.091412067,14350684160,0.973684,0,38,39,40,40
run_3_repetition_19,DONE,LR,skl_cpu,digits,360,64,20.28796387,35.44140518,,,,2.103644848,14351118336,1,0,39,39,45,40
run_4_repetition_19,DONE,LR,intelex_cpu,iris,100,4,21.89416504,29.15120469,,,,2.096367359,14376042496,1,0,39,39,39,40
run_5_repetition_19,DONE,LR,intelex_cpu,wine,130,13,22.16912842,28.761563,,,,2.088550568,14393724928,1,0,37,39,39,40
run_6_repetition_19,DONE,LR,intelex_cpu,breast_cancer,569,30,24.17596436,34.29040691,,,,2.11557126,14384148480,0.973684,0,39,39,40,40
run_7_repetition_19,DONE,LR,intelex_cpu,digits,360,64,22.18481445,25.42171039,,,,2.093218327,14389387264,1,0,37,39,38,40
run_8_repetition_19,DONE,LR,trh_gpu,iris,100,4,53.50634766,18.20344982,3.967019472,5.34712,3.83,7.183763266,14849490944,1,0,38,39,40,41
run_9_repetition_19,DONE,LR,trh_gpu,wine,130,13,55.53314209,17.54488153,4.171051457,6.23895,4.47,7.19788599,14850744320,0.884615,0,39,39,40,41
run_10_repetition_19,DONE,LR,trh_gpu,breast_cancer,569,30,53.84741211,18.91638295,4.372210053,10.48267,4.043333333,7.157570362,14876913664,0.95614,0,38,40,40,41
run_11_repetition_19,DONE,LR,trh_gpu,digits,360,64,55.18255615,17.32071864,3.978477716,8.15644,4.163333333,7.15956974,14877917184,1,0,39,40,40,41
run_12_repetition_19,DONE,RR,skl_cpu,iris,100,4,16.67938232,25.26360363,,,,2.123873711,14377525248,0,0.0118,38,40,39,40
run_13_repetition_19,DONE,RR,skl_cpu,wine,130,13,16.39123535,25.50016741,,,,2.114352226,14375104512,0,0.0472,38,40,38,40
run_14_repetition_19,DONE,RR,skl_cpu,breast_cancer,569,30,16.48040771,24.63423659,,,,2.127583027,14387187712,0,0.0621,39,39,39,40
run_15_repetition_19,DONE,RR,skl_cpu,digits,360,64,16.72625732,24.8476804,,,,2.073831081,14384095232,0,0.0096,38,39,39,40
run_16_repetition_19,DONE,RR,intelex_cpu,iris,100,4,19.78460693,22.35669055,,,,2.069996834,14410670080,0,0.0118,39,39,38,40
run_17_repetition_19,DONE,RR,intelex_cpu,wine,130,13,19.90313721,23.18101413,,,,2.096210957,14400479232,0,0.0472,38,39,39,40
run_18_repetition_19,DONE,RR,intelex_cpu,breast_cancer,569,30,20.00042725,22.58762091,,,,2.075003624,14413590528,0,0.0621,38,39,39,40
run_19_repetition_19,DONE,RR,intelex_cpu,digits,360,64,19.97747803,22.95531189,,,,2.074385643,14427295744,0,0.0096,38,39,38,40
run_20_repetition_19,DONE,RR,xgb_gpu,iris,100,4,25.47070313,23.62486966,4.420234491,8.31874,4.246666667,7.182452202,14492495872,0,0.0004,39,39,47,40
run_21_repetition_19,DONE,RR,xgb_gpu,wine,130,13,31.89941406,31.64503433,4.191687086,9.06782,4.483333333,7.181781292,14492954624,0,0.0085,38,39,39,40
run_22_repetition_19,DONE,RR,xgb_gpu,breast_cancer,569,30,30.15844727,22.6599714,4.813045163,7.48211,4.566666667,7.181477308,14506045440,0,0.0393,38,39,39,40
run_23_repetition_19,DONE,RR,xgb_gpu,digits,360,64,25.89447021,24.13329179,4.214123563,11.29458,4.52,7.140607834,14514012160,0,0.0058,39,39,39,40
run_24_repetition_19,DONE,RR,trh_gpu,iris,100,4,57.01953125,17.88770832,4.113543953,8.29108,3.836666667,7.171063662,14709379072,0,0.0119,39,40,40,41
run_25_repetition_19,DONE,RR,trh_gpu,wine,130,13,57.02575684,17.48362972,4.366747863,9.46352,4.473333333,7.175207615,14703775744,0,0.0478,38,39,40,41
run_26_repetition_19,DONE,RR,trh_gpu,breast_cancer,569,30,56.84521484,20.12304372,3.968486215,12.57685,3.73,7.178341627,14718840832,0,0.057,38,40,40,41
run_27_repetition_19,DONE,RR,trh_gpu,digits,360,64,59.9140625,19.16716258,4.110650811,11.03721,4.426666667,7.250161171,14716887040,0,0.0095,39,40,39,41
run_28_repetition_19,DONE,DT,skl_cpu,iris,100,4,16.65722656,23.99019192,,,,2.087803841,14118461440,1,0,38,40,39,40
run_29_repetition_19,DONE,DT,skl_cpu,wine,130,13,18.85919189,27.64846154,,,,2.111266851,14137540608,0.923077,0,38,40,39,40
run_30_repetition_19,DONE,DT,skl_cpu,breast_cancer,569,30,16.84472656,24.3358907,,,,2.074675083,14127570944,0.912281,0,39,40,39,40
run_31_repetition_19,DONE,DT,skl_cpu,digits,360,64,16.94055176,25.72544994,,,,2.130096912,14129410048,0.972222,0,42,40,39,40
run_32_repetition_19,DONE,DT,xgb_cpu,iris,100,4,22.27490234,23.28771293,,,,2.097221851,14158331904,1,0,47,40,40,41
run_33_repetition_19,DONE,DT,xgb_cpu,wine,130,13,22.62097168,23.33570166,,,,2.070913792,14142730240,1,0,39,40,40,41
run_34_repetition_19,DONE,DT,xgb_cpu,breast_cancer,569,30,23.32952881,24.73451694,,,,2.090150595,14143967232,0.947368,0,38,40,39,41
run_35_repetition_19,DONE,DT,xgb_cpu,digits,360,64,22.47583008,23.29752102,,,,2.11350441,14145302528,0.958333,0,40,40,40,41
run_36_repetition_19,DONE,DT,xgb_gpu,iris,100,4,23.20758057,24.95341954,4.179234263,4.31874,4.493333333,7.187356234,14202294272,1,0,40,40,39,41
run_37_repetition_19,DONE,DT,xgb_gpu,wine,130,13,24.62414551,23.10130827,6.869821247,5.06782,5.936666667,7.147068024,14219411456,1,0,39,40,40,41
run_38_repetition_19,DONE,DT,xgb_gpu,breast_cancer,569,30,24.15472412,26.59721712,4.891965456,7.48211,5.4,7.214631557,14224248832,0.947368,0,39,40,39,40
run_39_repetition_19,DONE,DT,xgb_gpu,digits,360,64,23.37219238,25.70508821,4.322878051,6.29458,4.016666667,7.201302052,14218133504,0.958333,0,39,40,40,40
run_40_repetition_19,DONE,KMeans,skl_cpu,iris,100,4,17.40240479,26.54442418,,,,2.089817286,14161481728,1,0,41,40,39,40
run_41_repetition_19,DONE,KMeans,skl_cpu,wine,130,13,17.36047363,25.59328,,,,2.106105566,14153863168,0.938462,0,39,40,39,40
run_42_repetition_19,DONE,KMeans,skl_cpu,breast_cancer,569,30,17.36303711,26.11187394,,,,2.06621027,14157320192,0.905097,0,38,40,38,40
run_43_repetition_19,DONE,KMeans,skl_cpu,digits,360,64,17.39105225,25.36854972,,,,2.110749245,14159745024,0.994444,0,37,39,39,40
run_44_repetition_19,DONE,KMeans,intelex_cpu,iris,100,4,17.10253906,27.30227429,,,,2.090943098,14162161664,1,0,40,40,39,40
run_45_repetition_19,DONE,KMeans,intelex_cpu,wine,130,13,17.05645752,26.67712706,,,,2.469040632,14160912384,0.938462,0,38,39,39,40
run_46_repetition_19,DONE,KMeans,intelex_cpu,breast_cancer,569,30,17.52630615,26.36022369,,,,2.072119236,14197850112,0.905097,0,39,40,38,40
run_47_repetition_19,DONE,KMeans,intelex_cpu,digits,360,64,17.45397949,25.5911529,,,,2.093535423,14192205824,0.994444,0,37,39,39,39
run_48_repetition_19,DONE,KMeans,tf_gpu,iris,100,4,47.10046387,18.33610307,11.21715263,6.98454,10.63333333,7.163677454,14526586880,1,0,37,39,39,41
run_49_repetition_19,DONE,KMeans,tf_gpu,wine,130,13,47.11401367,18.25005558,3.979113383,8.25431,3.96,7.150108337,14514409472,0.938461538,0,38,39,40,41
run_50_repetition_19,DONE,KMeans,tf_gpu,breast_cancer,569,30,47.67120361,17.97949442,4.231707089,13.79685,3.986666667,7.207990646,14516154368,0.912126538,0,38,39,40,41
run_51_repetition_19,DONE,KMeans,tf_gpu,digits,360,64,47.43145752,18.26163586,3.966873208,10.28477,3.776666667,7.18522501,14517481472,0.991666667,0,38,40,39,41
